unnamed:_0,make,make_year,color,body_type,mileage_run,no_of_owners,seating_capacity,fuel_type,transmission,transmission_type,price
1,Volkswagen,2017,silver,sedan,44611,1st,5,diesel,7-Speed,Automatic,7915
2,Hyundai,2016,red,crossover,20305,1st,5,petrol,5-Speed,Manual,8216
3,Honda,2019,white,suv,29540,2nd,5,petrol,5-Speed,Manual,9554
4,Renault,2017,bronze,hatchback,35680,1st,5,petrol,5-Speed,Manual,4987
5,Hyundai,2017,orange,hatchback,25126,1st,5,petrol,5-Speed,Manual,6204
6,Hyundai,2016,red,hatchback,52261,1st,5,petrol,5-Speed,Manual,7277
7,Honda,2012,grey,hatchback,28108,2nd,5,petrol,5-Speed,Manual,3807
8,Tata,2019,grey,suv,92603,1st,5,diesel,6-Speed,Automatic,15386
9,Hyundai,2021,blue,hatchback,16304,1st,5,petrol,5-Speed,Manual,8554
10,Renault,2019,bronze,hatchback,26350,2nd,5,petrol,5-Speed,Manual,4722
11,Renault,2020,yellow,muv,35400,1st,7,petrol,5-Speed,Manual,7385
12,Chevrolet,2013,white,sedan,71450,1st,5,diesel,6-Speed,Automatic,6484
13,Hyundai,2019,grey,suv,32395,1st,5,petrol,7-Speed,Automatic,11674
14,Tata,2021,grey,suv,15059,1st,7,diesel,6-Speed,Automatic,22771
15,Maruti Suzuki,2019,white,hatchback,31994,1st,5,petrol,5-Speed,Manual,7221
16,Toyota,2020,white,sedan,13768,1st,5,petrol,CVT,Automatic,13769
17,Tata,2022,beige,suv,3174,1st,5,petrol,5-Speed,Manual,9303
18,Renault,2017,orange,suv,70137,1st,5,diesel,6-Speed,Automatic,10361
19,Toyota,2018,white,sedan,35913,2nd,5,petrol,6-Speed,Automatic,9012
20,Hyundai,2018,blue,hatchback,19056,1st,5,petrol,5-Speed,Manual,7530
21,Volkswagen,2017,brown,sedan,32492,1st,5,petrol,5-Speed,Manual,6831
22,Maruti Suzuki,2014,yellow,hatchback,22598,1st,5,petrol,5-Speed,Manual,4022
23,Hyundai,2019,grey,suv,85981,1st,5,diesel,6-Speed,Automatic,12963
24,Toyota,2017,blue,hatchback,17791,1st,5,petrol,5-Speed,Manual,7779
25,Hyundai,2016,white,hatchback,26910,2nd,5,petrol,5-Speed,Manual,4771
26,Maruti Suzuki,2014,blue,sedan,28562,1st,5,petrol,5-Speed,Manual,6007
27,Hyundai,2019,white,sedan,40345,1st,5,petrol,6-Speed,Automatic,11855
28,Maruti Suzuki,2019,grey,hatchback,19550,1st,5,petrol,5-Speed,Manual,5497
29,Hyundai,2017,red,hatchback,54233,1st,5,petrol,5-Speed,Manual,7060
30,Maruti Suzuki,2017,blue,hatchback,33113,1st,5,petrol,5-Speed,Manual,6928
31,Maruti Suzuki,2011,red,hatchback,79565,1st,5,petrol,5-Speed,Manual,2569
32,Honda,2013,white,sedan,10651,1st,5,petrol,5-Speed,Manual,6457
33,Renault,2020,bronze,hatchback,27664,1st,5,petrol,5-Speed,Manual,5493
34,Hyundai,2021,red,hatchback,13389,1st,5,petrol,7-Speed,Automatic,13337
35,Hyundai,2016,grey,hatchback,30797,2nd,5,petrol,5-Speed,Manual,6879
36,Honda,2015,grey,muv,48947,1st,7,petrol,5-Speed,Manual,7072
37,Honda,2017,white,sedan,37315,1st,5,petrol,5-Speed,Manual,7578
38,Maruti Suzuki,2022,silver,hatchback,11047,1st,5,petrol,5-Speed,Manual,7785
39,Hyundai,2013,silver,hatchback,24858,1st,5,petrol,5-Speed,Manual,4771
40,Hyundai,2022,blue,suv,4839,1st,5,petrol,5-Speed,Manual,10566
41,Tata,2020,golden,hatchback,16329,1st,5,petrol,5-Speed,Manual,8392
42,Maruti Suzuki,2018,red,hatchback,57286,1st,5,petrol,5-Speed,Manual,6007
43,Tata,2022,white,suv,3679,1st,5,petrol,6-Speed,Automatic,8989
44,Hyundai,2014,white,hatchback,96077,1st,5,petrol,5-Speed,Manual,6385
45,Maruti Suzuki,2017,grey,hatchback,30406,1st,5,petrol,5-Speed,Manual,3979
46,Hyundai,2018,grey,hatchback,60873,1st,5,petrol,5-Speed,Manual,6626
47,Maruti Suzuki,2018,blue,hatchback,24811,1st,5,petrol,5-Speed,Manual,7156
48,Hyundai,2021,red,hatchback,56275,1st,5,petrol,7-Speed,Automatic,12024
49,Hyundai,2018,silver,sedan,78981,1st,5,diesel,6-Speed,Automatic,12192
50,Honda,2021,silver,sedan,7434,1st,5,petrol,7-Speed,Automatic,18518
51,Hyundai,2021,blue,hatchback,10730,1st,5,petrol,5-Speed,Manual,10939
52,Renault,2019,bronze,hatchback,21996,1st,5,petrol,5-Speed,Manual,6120
53,Maruti Suzuki,2019,blue,hatchback,3474,1st,5,petrol,5-Speed,Manual,4521
54,Maruti Suzuki,2017,brown,sedan,64458,1st,5,diesel,5-Speed,Manual,7861
55,Hyundai,2020,white,hatchback,24360,1st,5,petrol,6-Speed,Automatic,11807
56,Mahindra,2017,blue,suv,69939,1st,7,diesel,5-Speed,Manual,8631
57,Hyundai,2016,silver,hatchback,35387,1st,5,petrol,5-Speed,Manual,5240
58,Maruti Suzuki,2015,blue,hatchback,63035,2nd,5,petrol,5-Speed,Manual,6007
59,Maruti Suzuki,2020,silver,muv,26190,1st,5,petrol,5-Speed,Manual,5215
60,Maruti Suzuki,2013,white,hatchback,47013,1st,5,petrol,5-Speed,Manual,4792
61,Hyundai,2019,grey,hatchback,11734,1st,5,petrol,5-Speed,Manual,6385
62,Maruti Suzuki,2018,blue,sedan,27902,1st,5,petrol,5-Speed,Manual,8230
63,Hyundai,2015,blue,sedan,66674,2nd,5,petrol,5-Speed,Manual,5481
64,Tata,2021,black,suv,38143,1st,5,diesel,6-Speed,Automatic,21383
65,Maruti Suzuki,2021,grey,sedan,13554,1st,5,petrol,4-Speed,Automatic,12339
66,Tata,2022,red,hatchback,1540,1st,5,petrol,6-Speed,Automatic,9975
67,Hyundai,2021,black,suv,12285,1st,5,petrol,7-Speed,Automatic,20987
68,Maruti Suzuki,2015,blue,hatchback,80408,1st,5,petrol,5-Speed,Manual,6159
69,Maruti Suzuki,2016,white,hatchback,83377,1st,5,petrol,5-Speed,Manual,4543
70,Renault,2020,bronze,hatchback,21887,1st,5,petrol,5-Speed,Manual,5734
71,Hyundai,2019,grey,hatchback,40498,1st,5,petrol,5-Speed,Manual,6951
72,Hyundai,2020,white,hatchback,18065,1st,5,petrol,5-Speed,Manual,6518
73,Volkswagen,2016,grey,sedan,70958,1st,5,petrol,7-Speed,Automatic,8795
74,Tata,2021,white,suv,16090,1st,5,diesel,6-Speed,Automatic,20331
75,Ford,2015,grey,suv,55617,2nd,5,petrol,6-Speed,Automatic,7493
76,Hyundai,2018,brown,sedan,87773,1st,5,diesel,6-Speed,Automatic,11289
77,Hyundai,2016,brown,crossover,54744,1st,5,petrol,5-Speed,Manual,7530
78,Hyundai,2020,grey,hatchback,18915,2nd,5,petrol,5-Speed,Manual,7337
79,Hyundai,2016,white,hatchback,97573,1st,5,petrol,5-Speed,Manual,6879
80,Renault,2019,grey,hatchback,4776,1st,5,petrol,5-Speed,Manual,4963
81,Hyundai,2018,white,crossover,24676,2nd,5,petrol,5-Speed,Manual,7686
82,Maruti Suzuki,2018,blue,suv,52291,2nd,5,diesel,5-Speed,Manual,8750
83,Hyundai,2017,white,hatchback,49775,2nd,5,petrol,5-Speed,Manual,7108
84,Maruti Suzuki,2017,brown,suv,83551,1st,5,diesel,5-Speed,Manual,7059
85,Hyundai,2018,brown,crossover,34075,2nd,5,petrol,5-Speed,Manual,8361
86,Honda,2020,brown,sedan,14414,1st,5,petrol,6-Speed,Automatic,16433
87,Ford,2018,brown,suv,35796,1st,5,petrol,5-Speed,Manual,9433
88,Maruti Suzuki,2020,red,hatchback,38199,2nd,5,petrol,5-Speed,Manual,6809
89,Nissan,2021,silver,suv,8197,1st,5,petrol,5-Speed,Manual,9596
90,Maruti Suzuki,2018,grey,hatchback,27626,1st,5,petrol,CVT,Automatic,7850
91,Hyundai,2014,blue,sedan,48106,1st,5,petrol,5-Speed,Manual,5662
92,Maruti Suzuki,2021,grey,sedan,12031,1st,5,petrol,5-Speed,Manual,11765
93,Maruti Suzuki,2021,grey,hatchback,5992,1st,5,petrol,5-Speed,Manual,6722
94,Volkswagen,2020,red,hatchback,20427,1st,5,petrol,5-Speed,Manual,7939
95,Tata,2022,red,hatchback,8560,1st,5,petrol,5-Speed,Manual,10333
96,Hyundai,2019,red,suv,58693,1st,5,petrol,6-Speed,Automatic,14132
97,Maruti Suzuki,2020,grey,hatchback,18282,1st,5,petrol,5-Speed,Manual,4955
98,Maruti Suzuki,2020,grey,hatchback,17214,1st,5,petrol,5-Speed,Manual,4998
99,Maruti Suzuki,2013,red,hatchback,77692,1st,5,diesel,5-Speed,Manual,5107
100,Maruti Suzuki,2020,white,sedan,10381,1st,5,petrol,5-Speed,Manual,9780
101,Honda,2017,silver,suv,28831,1st,5,petrol,5-Speed,Manual,9530
102,Toyota,2014,grey,sedan,72359,1st,5,petrol,5-Speed,Manual,6706
103,Maruti Suzuki,2017,blue,sedan,36922,2nd,5,petrol,5-Speed,Manual,6440
104,Hyundai,2013,silver,hatchback,72356,1st,5,petrol,4-Speed,Automatic,4361
105,Hyundai,2018,white,sedan,55760,1st,5,diesel,6-Speed,Automatic,11012
106,Hyundai,2015,red,hatchback,77836,1st,5,petrol,5-Speed,Manual,6554
107,Volkswagen,2014,silver,sedan,68269,2nd,5,petrol,5-Speed,Manual,6180
108,Renault,2020,yellow,muv,62659,1st,7,petrol,5-Speed,Manual,8879
109,Maruti Suzuki,2018,brown,sedan,59847,1st,5,petrol,5-Speed,Manual,7200
110,Hyundai,2018,white,sedan,83607,1st,5,diesel,6-Speed,Automatic,12373
111,Hyundai,2015,silver,hatchback,33439,2nd,5,petrol,5-Speed,Manual,6927
112,Honda,2018,silver,suv,81799,1st,5,diesel,6-Speed,Automatic,10144
113,Volkswagen,2019,silver,hatchback,30378,1st,5,petrol,5-Speed,Manual,8939
114,Nissan,2022,red,suv,5129,1st,5,petrol,CVT,Automatic,11613
115,Hyundai,2021,blue,suv,8873,1st,5,petrol,6-Speed,Automatic,12578
116,Hyundai,2014,blue,sedan,78297,2nd,5,diesel,4-Speed,Automatic,7698
117,Jeep,2017,white,suv,50808,1st,5,diesel,6-Speed,Automatic,21854
118,Maruti Suzuki,2020,grey,hatchback,16384,1st,5,petrol,5-Speed,Manual,4250
119,Tata,2020,yellow,hatchback,16123,1st,5,petrol,5-Speed,Manual,6787
120,Hyundai,2016,red,hatchback,47487,2nd,5,petrol,5-Speed,Manual,3855
121,Hyundai,2019,grey,hatchback,25632,1st,5,petrol,5-Speed,Manual,6975
122,Volkswagen,2017,grey,sedan,33269,1st,5,petrol,5-Speed,Manual,7325
123,Maruti Suzuki,2018,red,hatchback,73950,1st,5,diesel,5-Speed,Manual,8381
124,Renault,2015,silver,muv,70520,1st,8,diesel,5-Speed,Manual,7409
125,Honda,2015,white,hatchback,50735,2nd,5,petrol,5-Speed,Manual,6253
126,Tata,2021,bronze,suv,6491,1st,5,petrol,5-Speed,Manual,9422
127,Mahindra,2019,black,suv,42905,1st,7,diesel,6-Speed,Automatic,15169
128,Chevrolet,2015,red,hatchback,42222,1st,5,diesel,5-Speed,Manual,3860
129,Ford,2014,silver,suv,97902,1st,5,diesel,5-Speed,Manual,6771
130,Hyundai,2018,grey,hatchback,16760,1st,5,petrol,5-Speed,Manual,6289
131,Hyundai,2019,red,hatchback,24860,1st,5,petrol,5-Speed,Manual,8421
132,Hyundai,2016,grey,hatchback,20685,1st,5,petrol,5-Speed,Manual,6144
133,Maruti Suzuki,2021,red,hatchback,2163,1st,5,petrol,5-Speed,Manual,5551
134,Toyota,2018,white,hatchback,18170,1st,5,petrol,5-Speed,Manual,8720
135,Honda,2012,blue,hatchback,66699,1st,5,petrol,5-Speed,Manual,4445
136,Maruti Suzuki,2020,silver,sedan,19958,1st,5,petrol,5-Speed,Manual,10474
137,Ford,2021,silver,suv,15924,1st,5,petrol,5-Speed,Manual,11228
138,Hyundai,2018,red,hatchback,24428,1st,5,petrol,5-Speed,Manual,4674
139,Toyota,2013,red,sedan,51187,1st,5,petrol,5-Speed,Manual,6480
140,Toyota,2016,black,sedan,47767,1st,5,petrol,6-Speed,Automatic,12272
141,MG Motors,2020,maroon,suv,33433,1st,5,petrol,6-Speed,Automatic,22649
142,Maruti Suzuki,2020,white,sedan,40635,1st,5,petrol,5-Speed,Manual,11266
143,MG Motors,2020,red,suv,25835,1st,5,petrol,6-Speed,Automatic,23457
144,Maruti Suzuki,2020,grey,sedan,30752,1st,5,petrol,4-Speed,Automatic,12610
145,Honda,2020,red,sedan,16332,1st,5,petrol,6-Speed,Automatic,16253
146,Kia,2020,orange,suv,20930,1st,5,petrol,7-Speed,Automatic,20542
147,Ford,2019,red,hatchback,14499,1st,5,diesel,5-Speed,Manual,8903
148,Hyundai,2014,grey,sedan,72009,1st,5,diesel,6-Speed,Automatic,7228
149,Hyundai,2019,white,suv,23164,1st,5,petrol,6-Speed,Automatic,12518
150,Maruti Suzuki,2019,blue,sedan,28618,1st,5,petrol,5-Speed,Manual,10301
151,Honda,2017,red,suv,88695,1st,5,petrol,5-Speed,Manual,9012
152,Maruti Suzuki,2018,blue,sedan,7858,1st,5,petrol,5-Speed,Manual,8891
153,Hyundai,2016,red,crossover,88827,1st,5,petrol,5-Speed,Manual,7771
154,Tata,2017,silver,sedan,7697,1st,5,petrol,5-Speed,Manual,6180
155,MG Motors,2020,black,suv,31271,1st,5,petrol,6-Speed,Automatic,23378
156,Hyundai,2018,red,hatchback,17121,1st,5,petrol,5-Speed,Manual,8156
157,Hyundai,2017,white,sedan,60287,1st,5,petrol,4-Speed,Automatic,10084
158,MG Motors,2020,red,suv,8265,1st,5,petrol,6-Speed,Automatic,24200
159,Jeep,2017,red,suv,43091,2nd,5,diesel,6-Speed,Automatic,17096
160,Jeep,2017,blue,suv,44503,1st,5,diesel,6-Speed,Automatic,20661
161,Hyundai,2020,blue,hatchback,17056,1st,5,petrol,5-Speed,Manual,6301
162,Maruti Suzuki,2018,blue,suv,61922,1st,5,diesel,5-Speed,Manual,10214
163,Hyundai,2017,silver,crossover,60629,1st,5,petrol,5-Speed,Manual,8734
164,Hyundai,2017,black,crossover,32602,1st,5,petrol,5-Speed,Manual,8566
165,Ford,2020,silver,suv,26116,1st,5,petrol,5-Speed,Manual,11734
166,Hyundai,2016,brown,crossover,90058,1st,5,petrol,5-Speed,Manual,7325
167,Hyundai,2012,grey,hatchback,63676,1st,5,petrol,5-Speed,Manual,3289
168,Hyundai,2011,grey,hatchback,43918,2nd,5,petrol,4-Speed,Automatic,3662
169,Maruti Suzuki,2020,silver,hatchback,6301,1st,5,petrol,5-Speed,Manual,3914
170,Renault,2017,grey,hatchback,29907,1st,5,petrol,5-Speed,Manual,4397
171,Hyundai,2016,white,hatchback,41218,1st,5,diesel,6-Speed,Automatic,7421
172,Maruti Suzuki,2015,brown,muv,5475,1st,7,petrol,5-Speed,Manual,7481
173,Hyundai,2022,blue,hatchback,4305,1st,5,petrol,5-Speed,Manual,9024
174,Ford,2017,bronze,suv,43112,1st,5,diesel,5-Speed,Manual,7457
175,Volkswagen,2015,grey,hatchback,53807,1st,5,diesel,5-Speed,Manual,6590
176,Hyundai,2015,silver,hatchback,37837,1st,5,petrol,5-Speed,Manual,6975
177,Renault,2019,white,muv,11074,1st,7,petrol,5-Speed,Manual,8265
178,Maruti Suzuki,2017,blue,hatchback,15748,1st,5,petrol,5-Speed,Manual,7362
179,Maruti Suzuki,2015,red,hatchback,14593,1st,5,petrol,5-Speed,Manual,4337
180,Maruti Suzuki,2015,white,sedan,30228,1st,5,petrol,4-Speed,Automatic,6636
181,MG Motors,2020,black,suv,44897,1st,6,petrol,6-Speed,Automatic,21787
182,Maruti Suzuki,2013,grey,hatchback,55995,1st,5,petrol,5-Speed,Manual,3708
183,Tata,2021,grey,hatchback,9936,1st,5,petrol,5-Speed,Manual,8566
184,Hyundai,2017,red,hatchback,18790,1st,5,petrol,5-Speed,Manual,4337
185,Maruti Suzuki,2015,red,hatchback,64323,1st,5,petrol,5-Speed,Manual,2992
186,Hyundai,2013,red,hatchback,32849,1st,5,petrol,5-Speed,Manual,4240
187,Maruti Suzuki,2020,red,hatchback,22777,1st,5,petrol,5-Speed,Manual,3936
188,Hyundai,2013,white,hatchback,37652,1st,5,petrol,5-Speed,Manual,4012
189,Hyundai,2016,red,hatchback,93446,1st,5,diesel,6-Speed,Automatic,7096
190,Renault,2022,blue,suv,11031,1st,5,petrol,5-Speed,Manual,8855
191,Maruti Suzuki,2021,white,hatchback,9752,1st,5,petrol,5-Speed,Manual,8566
192,Maruti Suzuki,2019,red,suv,15418,1st,5,diesel,5-Speed,Manual,12112
193,Maruti Suzuki,2020,grey,hatchback,8249,1st,5,petrol,5-Speed,Manual,7156
194,Hyundai,2021,blue,hatchback,10514,1st,5,petrol,5-Speed,Manual,8168
195,Honda,2019,silver,sedan,24136,2nd,5,petrol,5-Speed,Manual,10325
196,Renault,2019,blue,hatchback,18638,1st,5,petrol,5-Speed,Manual,5819
197,Hyundai,2013,red,hatchback,93653,2nd,5,petrol,5-Speed,Manual,2987
198,Jeep,2017,black,suv,60049,1st,5,diesel,6-Speed,Automatic,19879
199,Maruti Suzuki,2019,brown,sedan,31330,2nd,5,petrol,5-Speed,Manual,8230
200,Hyundai,2012,red,hatchback,49014,2nd,5,petrol,5-Speed,Manual,4048
201,Maruti Suzuki,2015,silver,sedan,56221,1st,5,petrol,5-Speed,Manual,7340
202,Maruti Suzuki,2017,blue,hatchback,20894,1st,5,petrol,5-Speed,Manual,7709
203,Hyundai,2016,grey,suv,88735,2nd,5,diesel,6-Speed,Manual,13240
204,Hyundai,2016,grey,suv,88735,2nd,5,diesel,6-Speed,Manual,13240
205,Hyundai,2016,grey,suv,88735,2nd,5,diesel,6-Speed,Manual,13240
206,Hyundai,2016,grey,suv,88735,2nd,5,diesel,6-Speed,Manual,13240
207,Renault,2021,white,suv,9034,1st,5,petrol,5-Speed,Automatic,12987
208,Maruti Suzuki,2014,silver,hatchback,63746,3rd,5,petrol,5-Speed,Automatic,3773
209,Hyundai,2016,white,hatchback,85602,1st,5,petrol,5-Speed,Manual,7939
210,Hyundai,2013,purple,sedan,59054,2nd,5,petrol,5-Speed,Automatic,6036
211,Renault,2017,white,suv,50811,1st,5,diesel,6-Speed,Manual,12204
212,Kia,2020,silver,suv,38198,1st,5,petrol,7-Speed,Manual,20975
213,Maruti Suzuki,2018,silver,sedan,92118,1st,5,petrol,4-Speed,Manual,8989
214,Hyundai,2014,white,sedan,72801,1st,5,petrol,5-Speed,Manual,5975
215,Hyundai,2014,grey,hatchback,38592,2nd,5,petrol,5-Speed,Manual,3240
216,Honda,2019,brown,sedan,22379,1st,5,petrol,5-Speed,Manual,11168
217,Maruti Suzuki,2016,silver,hatchback,44822,2nd,5,petrol,5-Speed,Manual,4890
218,Renault,2021,white,hatchback,13069,1st,5,petrol,5-Speed,Automatic,6409
219,Maruti Suzuki,2011,brown,hatchback,96939,1st,5,petrol,5-Speed,Manual,3665
220,Mahindra,2015,silver,suv,71397,2nd,7,diesel,6-Speed,Manual,11190
221,Hyundai,2019,beige,hatchback,21903,1st,5,petrol,5-Speed,Manual,6710
222,Hyundai,2020,grey,hatchback,9468,1st,5,petrol,5-Speed,Automatic,7867
223,Honda,2018,brown,sedan,60209,1st,5,petrol,5-Speed,Manual,10819
224,Renault,2016,orange,suv,69658,1st,5,diesel,6-Speed,Manual,10987
225,Hyundai,2015,white,hatchback,81103,1st,5,diesel,6-Speed,Manual,7734
226,Renault,2020,blue,muv,57503,1st,7,petrol,5-Speed,Manual,7843
227,Maruti Suzuki,2018,silver,hatchback,45560,1st,5,petrol,5-Speed,Automatic,5454
228,Maruti Suzuki,2012,silver,hatchback,45008,2nd,5,petrol,4-Speed,Automatic,3578
229,Maruti Suzuki,2011,grey,hatchback,51210,2nd,5,petrol,5-Speed,Manual,4283
230,Hyundai,2017,silver,suv,44894,1st,5,diesel,6-Speed,Manual,14879
231,Maruti Suzuki,2015,white,suv,39515,1st,5,diesel,5-Speed,Automatic,8761
232,Hyundai,2015,silver,hatchback,54287,1st,5,petrol,5-Speed,Manual,5518
233,Hyundai,2013,white,sedan,91039,1st,5,petrol,5-Speed,Automatic,6192
234,Honda,2015,grey,sedan,49435,1st,5,petrol,5-Speed,Manual,6168
235,Skoda,2019,black,sedan,9686,1st,5,petrol,7-Speed,Automatic,38977
236,Honda,2021,white,sedan,12092,1st,5,petrol,6-Speed,Manual,16216
237,Maruti Suzuki,2019,blue,hatchback,27053,1st,5,petrol,5-Speed,Manual,9151
238,Maruti Suzuki,2019,blue,hatchback,27053,1st,5,petrol,5-Speed,Manual,9151
239,Maruti Suzuki,2019,blue,hatchback,27053,1st,5,petrol,5-Speed,Manual,9151
240,Maruti Suzuki,2019,blue,hatchback,27053,1st,5,petrol,5-Speed,Manual,9151
241,Maruti Suzuki,2017,blue,sedan,28833,1st,5,petrol,5-Speed,Automatic,8555
242,Honda,2016,red,hatchback,48606,2nd,5,petrol,5-Speed,Manual,6867
243,Maruti Suzuki,2016,red,hatchback,96236,1st,5,petrol,5-Speed,Manual,6928
244,Maruti Suzuki,2012,silver,sedan,37258,1st,5,petrol,5-Speed,Manual,5096
245,Maruti Suzuki,2014,silver,hatchback,33869,1st,5,petrol,5-Speed,Automatic,4922
246,Maruti Suzuki,2013,silver,muv,91796,1st,7,petrol,5-Speed,Manual,6701
247,Tata,2019,grey,hatchback,45607,1st,5,petrol,5-Speed,Automatic,5942
248,Hyundai,2021,grey,hatchback,1117,1st,5,petrol,5-Speed,Manual,8554
249,Hyundai,2018,blue,hatchback,24745,1st,5,petrol,5-Speed,Automatic,7481
250,Hyundai,2017,red,suv,66868,1st,5,diesel,6-Speed,Manual,15542
251,Hyundai,2017,red,suv,66868,1st,5,diesel,6-Speed,Manual,15542
252,Hyundai,2017,red,suv,66868,1st,5,diesel,6-Speed,Manual,15542
253,Hyundai,2017,red,suv,66868,1st,5,diesel,6-Speed,Manual,15542
254,Honda,2017,red,suv,75639,1st,5,petrol,5-Speed,Manual,9012
255,Chevrolet,2013,blue,hatchback,77022,1st,5,diesel,5-Speed,Manual,2895
256,Renault,2018,bronze,hatchback,56387,1st,5,petrol,5-Speed,Manual,4433
257,Hyundai,2019,red,suv,23724,1st,5,petrol,7-Speed,Manual,13698
258,Maruti Suzuki,2022,grey,hatchback,6900,1st,5,petrol,5-Speed,Manual,7579
259,Maruti Suzuki,2017,grey,hatchback,43785,1st,5,petrol,5-Speed,Automatic,5898
260,Honda,2019,white,sedan,29780,1st,5,diesel,5-Speed,Manual,11831
261,Maruti Suzuki,2015,blue,hatchback,56207,1st,5,petrol,5-Speed,Manual,6625
262,Maruti Suzuki,2016,yellow,suv,40003,1st,5,diesel,5-Speed,Automatic,10203
263,Hyundai,2014,silver,hatchback,94315,1st,5,petrol,5-Speed,Manual,6433
264,Maruti Suzuki,2018,grey,hatchback,29492,1st,5,petrol,5-Speed,Automatic,6332
265,Maruti Suzuki,2017,grey,sedan,21365,1st,5,petrol,5-Speed,Manual,8967
266,Ford,2019,red,hatchback,31262,1st,5,diesel,5-Speed,Manual,8204
267,Ford,2019,red,hatchback,31262,1st,5,diesel,5-Speed,Manual,8204
268,Ford,2019,red,hatchback,31262,1st,5,diesel,5-Speed,Manual,8204
269,Ford,2019,red,hatchback,31262,1st,5,diesel,5-Speed,Manual,8204
270,Honda,2017,red,hatchback,56221,1st,5,petrol,5-Speed,Automatic,6987
271,Hyundai,2021,grey,hatchback,27185,1st,5,petrol,5-Speed,Manual,8987
272,Honda,2014,red,sedan,63170,2nd,5,petrol,5-Speed,Manual,5445
273,Tata,2015,purple,hatchback,44736,1st,5,petrol,4-Speed,Manual,2591
274,Renault,2019,grey,hatchback,13111,1st,5,petrol,5-Speed,Manual,5457
275,Ford,2016,grey,hatchback,83705,1st,5,diesel,5-Speed,Manual,6277
276,Renault,2021,white,muv,7227,1st,7,petrol,5-Speed,Manual,9397
277,Hyundai,2014,white,sedan,45880,1st,5,petrol,5-Speed,Automatic,8361
278,Maruti Suzuki,2015,white,sedan,36850,1st,5,petrol,5-Speed,Manual,7568
279,Maruti Suzuki,2011,silver,hatchback,53160,1st,5,petrol,5-Speed,Manual,4619
280,Honda,2021,white,sedan,17790,1st,5,petrol,5-Speed,Manual,11915
281,Honda,2020,white,sedan,24218,1st,5,petrol,5-Speed,Manual,11325
282,Hyundai,2017,red,hatchback,11304,1st,5,petrol,5-Speed,Automatic,6698
283,Tata,2021,grey,hatchback,12002,1st,5,diesel,5-Speed,Manual,8512
284,Mahindra,2020,black,suv,61411,1st,5,diesel,6-Speed,Manual,11678
285,Hyundai,2014,grey,hatchback,35703,1st,5,petrol,5-Speed,Manual,5590
286,Hyundai,2017,grey,sedan,45378,1st,5,petrol,5-Speed,Manual,7096
287,Hyundai,2017,grey,sedan,45378,1st,5,petrol,5-Speed,Manual,7096
288,Hyundai,2017,grey,sedan,45378,1st,5,petrol,5-Speed,Manual,7096
289,Hyundai,2017,grey,sedan,45378,1st,5,petrol,5-Speed,Manual,7096
290,Hyundai,2018,grey,hatchback,28557,2nd,5,petrol,5-Speed,Automatic,6915
291,Maruti Suzuki,2021,white,hatchback,14853,1st,5,petrol,5-Speed,Manual,7102
292,Maruti Suzuki,2020,silver,sedan,70245,1st,5,petrol,5-Speed,Manual,9975
293,Maruti Suzuki,2020,grey,muv,22703,1st,5,petrol,5-Speed,Manual,5291
294,Renault,2020,blue,hatchback,36069,1st,5,petrol,5-Speed,Automatic,6602
295,Maruti Suzuki,2016,silver,hatchback,5227,1st,5,petrol,5-Speed,Manual,5725
296,Maruti Suzuki,2017,grey,hatchback,27803,1st,5,petrol,5-Speed,Automatic,5714
297,Honda,2017,white,sedan,47154,1st,5,petrol,5-Speed,Automatic,11469
298,Honda,2012,silver,hatchback,84488,1st,5,petrol,5-Speed,Manual,4096
299,Volkswagen,2014,brown,sedan,83265,2nd,5,diesel,5-Speed,Manual,9518
300,Volkswagen,2014,brown,sedan,83265,2nd,5,diesel,5-Speed,Manual,9518
301,Volkswagen,2014,brown,sedan,83265,2nd,5,diesel,5-Speed,Manual,9518
302,Volkswagen,2014,brown,sedan,83265,2nd,5,diesel,5-Speed,Manual,9518
303,Honda,2018,brown,sedan,16348,1st,5,petrol,5-Speed,Manual,9216
304,Hyundai,2012,white,hatchback,90078,1st,5,petrol,5-Speed,Manual,5060
305,Honda,2018,grey,suv,69591,3rd,5,diesel,6-Speed,Manual,9638
306,Hyundai,2013,blue,hatchback,56096,1st,5,petrol,5-Speed,Manual,5855
307,Mahindra,2017,white,suv,56418,1st,7,diesel,6-Speed,Manual,15885
308,Hyundai,2012,grey,hatchback,65284,1st,5,petrol,5-Speed,Manual,4192
309,Chevrolet,2015,grey,sedan,72489,1st,5,diesel,6-Speed,Automatic,9672
310,Volkswagen,2011,silver,hatchback,68645,2nd,5,petrol,5-Speed,Manual,5433
311,Hyundai,2018,blue,hatchback,33231,2nd,5,petrol,5-Speed,Manual,4855
312,Hyundai,2011,beige,hatchback,43953,1st,5,petrol,5-Speed,Manual,4072
313,Ford,2016,grey,suv,36422,1st,5,petrol,6-Speed,Automatic,9710
314,Maruti Suzuki,2015,red,sedan,78251,1st,5,petrol,5-Speed,Manual,6874
315,Hyundai,2016,red,hatchback,48481,1st,5,petrol,5-Speed,Manual,7879
316,Maruti Suzuki,2018,blue,sedan,37746,1st,5,petrol,4-Speed,Manual,9563
317,Hyundai,2017,silver,suv,50872,1st,5,petrol,6-Speed,Manual,14409
318,Hyundai,2015,grey,hatchback,25517,1st,5,petrol,5-Speed,Manual,8060
319,Ford,2014,silver,suv,74814,2nd,5,petrol,5-Speed,Manual,7096
320,Tata,2020,red,suv,24315,1st,5,diesel,6-Speed,Manual,20732
321,Hyundai,2017,blue,hatchback,63937,1st,5,petrol,5-Speed,Manual,7566
322,Maruti Suzuki,2019,white,sedan,11499,1st,5,petrol,5-Speed,Automatic,8804
323,Maruti Suzuki,2019,blue,hatchback,30420,1st,5,diesel,5-Speed,Automatic,9574
324,Maruti Suzuki,2018,white,sedan,15221,1st,5,petrol,4-Speed,Manual,9910
325,Mahindra,2017,black,suv,46438,1st,7,diesel,5-Speed,Manual,12057
326,Maruti Suzuki,2018,orange,hatchback,27941,1st,5,diesel,5-Speed,Manual,8783
327,Hyundai,2014,grey,hatchback,35461,2nd,5,petrol,4-Speed,Automatic,6385
328,Maruti Suzuki,2012,white,hatchback,46447,1st,5,diesel,5-Speed,Manual,4933
329,Maruti Suzuki,2013,grey,sedan,74652,1st,5,petrol,5-Speed,Manual,5400
330,Maruti Suzuki,2013,beige,hatchback,44746,1st,5,petrol,5-Speed,Manual,4369
331,Hyundai,2014,grey,hatchback,92092,1st,5,petrol,5-Speed,Manual,4578
332,Toyota,2020,red,sedan,26653,2nd,5,petrol,5-Speed,Manual,14472
333,Toyota,2020,red,sedan,26653,2nd,5,petrol,5-Speed,Manual,14472
334,Toyota,2020,red,sedan,26653,2nd,5,petrol,5-Speed,Manual,14472
335,Toyota,2020,red,sedan,26653,2nd,5,petrol,5-Speed,Manual,14472
336,Hyundai,2014,blue,hatchback,58748,2nd,5,petrol,5-Speed,Manual,5506
337,Hyundai,2016,beige,suv,90147,1st,5,petrol,6-Speed,Manual,9795
338,Hyundai,2017,grey,sedan,25905,1st,5,petrol,5-Speed,Manual,9879
339,Hyundai,2014,black,sedan,76890,1st,5,petrol,5-Speed,Manual,6048
340,Maruti Suzuki,2020,silver,hatchback,32490,1st,5,petrol,5-Speed,Manual,4489
341,Maruti Suzuki,2019,red,hatchback,13505,1st,5,petrol,5-Speed,Manual,4239
342,Maruti Suzuki,2021,silver,hatchback,21564,1st,5,petrol,5-Speed,Manual,4695
343,Maruti Suzuki,2018,grey,hatchback,22849,1st,5,petrol,5-Speed,Manual,4033
344,Maruti Suzuki,2016,white,hatchback,24374,1st,5,petrol,5-Speed,Manual,4163
345,Hyundai,2018,white,hatchback,31912,1st,5,petrol,5-Speed,Manual,9445
346,Hyundai,2016,red,suv,60578,1st,5,petrol,6-Speed,Manual,11698
347,Hyundai,2016,red,hatchback,95065,1st,5,petrol,5-Speed,Manual,7891
348,Renault,2022,white,hatchback,7342,1st,5,petrol,5-Speed,Automatic,6493
349,Renault,2021,blue,hatchback,9285,1st,5,petrol,5-Speed,Automatic,5662
350,Hyundai,2017,grey,hatchback,41443,1st,5,diesel,6-Speed,Manual,9518
351,Maruti Suzuki,2015,silver,hatchback,53848,2nd,5,petrol,5-Speed,Automatic,4500
352,Maruti Suzuki,2012,silver,hatchback,70568,2nd,5,petrol,5-Speed,Manual,3990
353,Maruti Suzuki,2012,black,sedan,61885,1st,5,petrol,5-Speed,Manual,4955
354,Honda,2019,grey,suv,16240,1st,5,petrol,5-Speed,Manual,10771
355,Hyundai,2011,red,hatchback,62840,1st,5,petrol,5-Speed,Manual,4072
356,Hyundai,2011,grey,hatchback,74710,2nd,5,petrol,5-Speed,Manual,4120
357,Renault,2021,grey,suv,19722,1st,5,petrol,5-Speed,Manual,11879
358,Renault,2014,silver,suv,85751,1st,5,diesel,5-Speed,Manual,7674
359,Hyundai,2016,white,hatchback,73251,1st,5,diesel,6-Speed,Manual,8289
360,Hyundai,2018,orange,hatchback,44188,1st,5,diesel,6-Speed,Automatic,9831
361,Ford,2019,red,hatchback,45590,1st,5,diesel,5-Speed,Manual,7759
362,Ford,2019,red,hatchback,45590,1st,5,diesel,5-Speed,Manual,7759
363,Ford,2019,red,hatchback,45590,1st,5,diesel,5-Speed,Manual,7759
364,Ford,2019,red,hatchback,45590,1st,5,diesel,5-Speed,Manual,7759
365,Hyundai,2016,blue,suv,97039,1st,5,diesel,6-Speed,Manual,13084
366,Hyundai,2016,blue,suv,97039,1st,5,diesel,6-Speed,Manual,13084
367,Hyundai,2016,blue,suv,97039,1st,5,diesel,6-Speed,Manual,13084
368,Hyundai,2016,blue,suv,97039,1st,5,diesel,6-Speed,Manual,13084
369,Hyundai,2016,silver,hatchback,14359,1st,5,petrol,5-Speed,Manual,8120
370,Hyundai,2018,white,hatchback,48670,2nd,5,petrol,5-Speed,Manual,4216
371,Hyundai,2018,red,suv,70015,1st,5,petrol,6-Speed,Automatic,14614
372,Maruti Suzuki,2011,silver,hatchback,41517,2nd,5,petrol,5-Speed,Manual,2981
373,Maruti Suzuki,2021,grey,hatchback,14818,1st,5,petrol,5-Speed,Manual,5779
374,Honda,2017,brown,sedan,46935,1st,5,petrol,5-Speed,Manual,9927
375,Hyundai,2020,white,hatchback,30590,1st,5,petrol,5-Speed,Automatic,9698
376,Hyundai,2017,black,suv,62805,1st,5,petrol,6-Speed,Manual,13228
377,Maruti Suzuki,2017,grey,sedan,47123,1st,5,petrol,5-Speed,Manual,8620
378,Maruti Suzuki,2019,silver,hatchback,50437,2nd,5,petrol,5-Speed,Manual,4402
379,Maruti Suzuki,2017,blue,sedan,49930,1st,5,petrol,5-Speed,Automatic,7807
380,Ford,2016,blue,suv,46485,1st,5,petrol,5-Speed,Automatic,8819
381,Maruti Suzuki,2014,white,hatchback,76306,1st,5,petrol,5-Speed,Automatic,4402
382,Hyundai,2015,blue,hatchback,80743,1st,5,petrol,5-Speed,Manual,7493
383,Hyundai,2018,red,hatchback,54836,1st,5,petrol,5-Speed,Automatic,8939
384,Maruti Suzuki,2018,blue,sedan,32170,1st,5,petrol,5-Speed,Automatic,7579
385,Toyota,2011,black,sedan,62193,1st,5,petrol,5-Speed,Manual,5645
386,Hyundai,2012,blue,hatchback,40097,1st,5,petrol,5-Speed,Manual,3421
387,Honda,2015,white,sedan,44188,1st,5,petrol,5-Speed,Manual,6915
388,Hyundai,2017,red,hatchback,86163,2nd,5,diesel,6-Speed,Manual,8421
389,Hyundai,2016,red,hatchback,50229,1st,5,petrol,5-Speed,Manual,7289
390,Maruti Suzuki,2020,blue,suv,20156,1st,5,petrol,5-Speed,Manual,11971
391,Hyundai,2016,silver,hatchback,29122,1st,5,petrol,5-Speed,Manual,5433
392,Hyundai,2016,white,hatchback,71532,2nd,5,petrol,5-Speed,Manual,7626
393,MG Motors,2020,white,suv,36581,1st,5,diesel,5-Speed,Manual,24491
394,MG Motors,2020,white,suv,36581,1st,5,diesel,5-Speed,Manual,24491
395,MG Motors,2020,white,suv,36581,1st,5,diesel,6-Speed,Manual,24491
396,MG Motors,2020,white,suv,36581,1st,5,diesel,6-Speed,Manual,24491
397,Hyundai,2016,red,suv,37702,2nd,5,petrol,6-Speed,Manual,11361
398,Hyundai,2018,red,hatchback,30876,1st,5,petrol,5-Speed,Automatic,8542
399,Volkswagen,2011,white,hatchback,92227,2nd,5,petrol,5-Speed,Manual,4843
400,Volkswagen,2017,grey,sedan,24747,1st,5,petrol,5-Speed,Automatic,7783
401,Hyundai,2013,white,hatchback,26671,2nd,5,petrol,5-Speed,Manual,4024
402,Maruti Suzuki,2013,red,hatchback,84739,1st,5,diesel,5-Speed,Manual,5378
403,Volkswagen,2017,silver,hatchback,90423,1st,5,diesel,5-Speed,Manual,8855
404,Maruti Suzuki,2015,brown,hatchback,40632,1st,5,petrol,5-Speed,Manual,5280
405,Maruti Suzuki,2013,silver,hatchback,59010,1st,5,petrol,5-Speed,Manual,4445
406,Hyundai,2018,red,hatchback,24732,1st,5,petrol,5-Speed,Automatic,9228
407,Kia,2020,red,suv,14077,1st,5,petrol,6-Speed,Manual,19843
408,Hyundai,2013,blue,hatchback,19600,1st,5,petrol,5-Speed,Manual,3746
409,Skoda,2012,white,sedan,93981,2nd,5,diesel,5-Speed,Manual,5778
410,Hyundai,2015,silver,hatchback,25413,2nd,5,petrol,5-Speed,Manual,4710
411,Hyundai,2017,silver,sedan,95862,1st,5,diesel,6-Speed,Manual,10481
412,Maruti Suzuki,2012,blue,hatchback,53015,2nd,5,petrol,5-Speed,Manual,3502
413,Honda,2015,maroon,hatchback,63279,1st,5,petrol,5-Speed,Manual,7204
414,Hyundai,2017,grey,sedan,73591,1st,5,petrol,5-Speed,Manual,7096
415,Maruti Suzuki,2017,white,hatchback,79503,1st,5,petrol,5-Speed,Automatic,5031
416,Hyundai,2014,red,sedan,60227,1st,5,diesel,6-Speed,Manual,8457
417,Renault,2021,blue,hatchback,5564,1st,5,petrol,5-Speed,Automatic,5686
418,Renault,2017,white,hatchback,71696,1st,5,petrol,5-Speed,Manual,4253
419,Volkswagen,2011,black,hatchback,44787,2nd,5,petrol,5-Speed,Manual,4843
420,Hyundai,2017,red,suv,68295,2nd,5,petrol,6-Speed,Manual,11771
421,Maruti Suzuki,2016,white,hatchback,38868,2nd,5,petrol,5-Speed,Manual,3881
422,Maruti Suzuki,2012,blue,hatchback,40411,1st,5,petrol,5-Speed,Manual,4326
423,Hyundai,2020,white,hatchback,17156,1st,5,petrol,5-Speed,Automatic,10072
424,Ford,2017,black,suv,12761,2nd,5,petrol,5-Speed,Manual,9674
425,Maruti Suzuki,2021,grey,hatchback,10563,1st,5,petrol,5-Speed,Manual,4445
426,Hyundai,2018,red,hatchback,13948,1st,5,petrol,5-Speed,Automatic,9578
427,Hyundai,2019,silver,sedan,6165,1st,5,petrol,6-Speed,Automatic,15253
428,Hyundai,2012,red,hatchback,44478,2nd,5,petrol,5-Speed,Manual,4132
429,Hyundai,2011,golden,hatchback,85895,1st,5,petrol,5-Speed,Manual,4361
430,Datsun,2017,red,hatchback,42187,1st,5,petrol,5-Speed,Manual,3253
431,Hyundai,2016,blue,hatchback,88795,1st,5,diesel,6-Speed,Manual,8361
432,Hyundai,2013,grey,hatchback,45000,2nd,5,petrol,5-Speed,Manual,5831
433,Honda,2018,white,sedan,14861,1st,5,petrol,5-Speed,Automatic,12060
434,Hyundai,2014,red,hatchback,61455,1st,5,petrol,5-Speed,Manual,4626
435,Honda,2019,brown,suv,23697,1st,5,petrol,5-Speed,Manual,10337
436,Maruti Suzuki,2017,grey,hatchback,84623,1st,5,petrol,5-Speed,Automatic,5226
437,Honda,2016,silver,hatchback,36822,1st,5,petrol,5-Speed,Automatic,7000
438,Hyundai,2011,silver,hatchback,49985,1st,5,petrol,5-Speed,Manual,3855
439,Hyundai,2018,red,suv,25411,1st,5,petrol,6-Speed,Manual,14168
440,Hyundai,2019,white,suv,26198,1st,5,petrol,6-Speed,Automatic,15349
441,Maruti Suzuki,2016,grey,hatchback,21812,1st,5,petrol,5-Speed,Manual,3925
442,Renault,2020,white,hatchback,15591,1st,5,petrol,5-Speed,Automatic,5891
443,Honda,2015,white,sedan,50821,2nd,5,petrol,5-Speed,Manual,9819
444,Hyundai,2017,red,suv,57167,1st,5,petrol,6-Speed,Manual,12819
445,Hyundai,2014,silver,hatchback,62904,1st,5,petrol,5-Speed,Manual,4686
446,Honda,2018,silver,hatchback,13074,1st,5,petrol,5-Speed,Manual,8614
447,Maruti Suzuki,2019,blue,hatchback,37942,1st,5,diesel,5-Speed,Automatic,9184
448,Ford,2016,grey,suv,96471,1st,5,diesel,5-Speed,Manual,7566
449,Hyundai,2015,red,hatchback,40959,1st,5,petrol,5-Speed,Manual,3819
450,Ford,2020,white,sedan,18300,1st,5,petrol,5-Speed,Manual,8783
451,Maruti Suzuki,2017,grey,hatchback,32419,1st,5,petrol,5-Speed,Manual,4293
452,Maruti Suzuki,2016,blue,muv,35128,1st,7,diesel,5-Speed,Manual,10290
453,Hyundai,2016,grey,hatchback,36707,1st,5,petrol,5-Speed,Manual,5457
454,Maruti Suzuki,2016,grey,muv,99495,1st,7,diesel,5-Speed,Manual,9737
455,Maruti Suzuki,2011,red,hatchback,69077,1st,5,petrol,5-Speed,Manual,3046
456,Hyundai,2017,grey,hatchback,81673,1st,5,petrol,5-Speed,Manual,7566
457,Hyundai,2017,blue,hatchback,22127,1st,5,petrol,5-Speed,Manual,8590
458,Maruti Suzuki,2011,brown,hatchback,43763,1st,5,petrol,5-Speed,Manual,3665
459,Maruti Suzuki,2014,grey,hatchback,45887,2nd,5,petrol,5-Speed,Manual,4825
460,Maruti Suzuki,2015,red,hatchback,68859,1st,5,petrol,5-Speed,Automatic,4846
461,Hyundai,2017,white,hatchback,24353,1st,5,petrol,5-Speed,Manual,7469
462,Ford,2017,white,sedan,53467,1st,5,petrol,5-Speed,Manual,6313
463,Hyundai,2017,silver,sedan,18732,1st,5,petrol,6-Speed,Automatic,12614
464,Hyundai,2015,white,hatchback,24631,1st,5,petrol,5-Speed,Manual,5349
465,Maruti Suzuki,2016,white,muv,54971,1st,7,diesel,5-Speed,Manual,9824
466,Maruti Suzuki,2022,white,hatchback,12076,1st,5,petrol+cng,5-Speed,Manual,7438
467,Hyundai,2013,white,hatchback,35425,1st,5,petrol,5-Speed,Manual,4481
468,Hyundai,2016,silver,hatchback,54734,1st,5,diesel,6-Speed,Manual,8240
469,Maruti Suzuki,2015,silver,hatchback,39807,1st,5,petrol,5-Speed,Manual,3816
470,Hyundai,2014,grey,hatchback,41667,2nd,5,petrol,5-Speed,Manual,4722
471,Maruti Suzuki,2015,brown,hatchback,28840,1st,5,petrol,5-Speed,Manual,5302
472,Hyundai,2014,blue,sedan,69402,1st,5,petrol,4-Speed,Automatic,6638
473,Honda,2017,white,hatchback,53613,2nd,5,petrol,7-Speed,Manual,8289
474,Kia,2019,white,suv,27562,1st,5,petrol,6-Speed,Manual,18662
475,Honda,2018,brown,hatchback,14952,1st,5,petrol,5-Speed,Manual,8554
476,Maruti Suzuki,2011,white,hatchback,71380,1st,5,petrol,5-Speed,Manual,3339
477,Mahindra,2015,white,suv,44987,1st,7,diesel,5-Speed,Manual,9195
478,Hyundai,2018,grey,hatchback,34491,1st,5,petrol,5-Speed,Automatic,9481
479,Hyundai,2016,white,crossover,88321,1st,5,petrol,5-Speed,Automatic,7686
480,Renault,2021,brown,hatchback,11275,1st,5,petrol,5-Speed,Automatic,6361
481,Hyundai,2013,silver,sedan,84391,1st,5,petrol,4-Speed,Automatic,7301
482,Maruti Suzuki,2012,red,sedan,93004,1st,5,petrol,5-Speed,Manual,4792
483,Maruti Suzuki,2019,blue,sedan,23861,2nd,5,petrol,5-Speed,Manual,9314
484,Hyundai,2016,grey,hatchback,43877,1st,5,petrol,5-Speed,Manual,6192
485,Honda,2015,silver,sedan,76926,1st,5,petrol,5-Speed,Manual,7987
486,Hyundai,2016,blue,hatchback,94389,1st,5,petrol,5-Speed,Manual,6843
487,Maruti Suzuki,2014,silver,hatchback,64291,2nd,5,petrol,5-Speed,Manual,4413
488,Hyundai,2017,white,sedan,25068,1st,5,petrol,5-Speed,Manual,9927
489,Renault,2020,white,muv,27215,1st,7,petrol,5-Speed,Manual,8903
490,Hyundai,2014,blue,hatchback,62692,2nd,5,petrol,5-Speed,Manual,5843
491,Hyundai,2020,grey,sedan,16234,1st,5,diesel,6-Speed,Manual,17638
492,Hyundai,2018,grey,hatchback,39742,1st,5,petrol,5-Speed,Automatic,8325
493,Maruti Suzuki,2017,grey,hatchback,27876,1st,5,petrol,5-Speed,Manual,5551
494,Hyundai,2017,red,hatchback,51511,1st,5,diesel,6-Speed,Manual,9493
495,Maruti Suzuki,2012,black,hatchback,82049,1st,5,diesel,5-Speed,Manual,4955
496,Maruti Suzuki,2018,blue,sedan,16257,1st,5,petrol,5-Speed,Automatic,8186
497,Mahindra,2020,white,suv,39894,1st,5,diesel,6-Speed,Manual,13846
498,Maruti Suzuki,2018,grey,muv,24630,1st,5,petrol,5-Speed,Manual,4901
499,Maruti Suzuki,2013,red,hatchback,74834,1st,5,petrol,5-Speed,Manual,3263
500,Maruti Suzuki,2011,black,hatchback,54857,2nd,5,petrol,5-Speed,Manual,2840
501,Maruti Suzuki,2013,red,hatchback,59394,1st,5,petrol,5-Speed,Manual,3339
502,Maruti Suzuki,2020,white,sedan,8617,1st,5,petrol,5-Speed,Manual,11092
503,Ford,2018,red,crossover,29028,1st,5,petrol,5-Speed,Automatic,7650
504,Maruti Suzuki,2020,grey,sedan,4878,1st,5,petrol,5-Speed,Manual,11006
505,Maruti Suzuki,2011,silver,hatchback,82262,2nd,5,petrol,5-Speed,Manual,2765
506,Maruti Suzuki,2011,red,hatchback,56696,1st,5,petrol,5-Speed,Manual,4293
507,Hyundai,2016,red,suv,40249,1st,5,petrol,6-Speed,Manual,12180
508,Hyundai,2015,red,hatchback,29169,1st,5,petrol,5-Speed,Manual,7963
509,Maruti Suzuki,2014,red,hatchback,48449,1st,5,petrol,5-Speed,Manual,4879
510,Volkswagen,2011,red,hatchback,55512,1st,5,petrol,5-Speed,Manual,5240
511,Hyundai,2014,white,sedan,81335,2nd,5,diesel,4-Speed,Manual,9301
512,Maruti Suzuki,2015,silver,hatchback,25388,1st,5,petrol,5-Speed,Manual,3589
513,Renault,2021,white,suv,17120,1st,5,petrol,5-Speed,Automatic,10000
514,Renault,2021,silver,hatchback,25170,1st,5,petrol,5-Speed,Automatic,5843
515,Maruti Suzuki,2014,brown,hatchback,67154,2nd,5,petrol,5-Speed,Manual,4391
516,Maruti Suzuki,2012,grey,hatchback,40078,1st,5,petrol,5-Speed,Manual,3762
517,Maruti Suzuki,2017,grey,hatchback,10100,1st,5,petrol,5-Speed,Manual,4001
518,Hyundai,2018,red,hatchback,23326,1st,5,petrol,5-Speed,Automatic,9253
519,Honda,2016,red,hatchback,56762,1st,5,petrol,5-Speed,Automatic,6963
520,Maruti Suzuki,2021,white,hatchback,6363,1st,5,petrol,5-Speed,Manual,4521
521,Maruti Suzuki,2012,blue,hatchback,49799,1st,5,petrol,5-Speed,Manual,3784
522,Honda,2016,white,hatchback,94873,1st,5,petrol,5-Speed,Automatic,6939
523,Ford,2016,blue,suv,69414,1st,5,petrol,5-Speed,Manual,7578
524,Hyundai,2014,red,hatchback,40450,1st,5,petrol,5-Speed,Manual,5096
525,Ford,2014,white,suv,86120,1st,5,diesel,5-Speed,Manual,7746
526,Hyundai,2018,red,hatchback,29948,1st,5,petrol,5-Speed,Automatic,8879
527,Renault,2019,grey,hatchback,22356,1st,5,petrol,5-Speed,Manual,5120
528,Hyundai,2011,grey,hatchback,77554,1st,5,petrol,5-Speed,Manual,3975
529,Kia,2020,red,suv,18499,1st,5,petrol,6-Speed,Manual,16493
530,Maruti Suzuki,2019,grey,muv,27462,1st,5,petrol,5-Speed,Manual,4727
531,Honda,2019,red,suv,53948,1st,5,petrol,5-Speed,Manual,10638
532,Kia,2020,red,suv,20280,1st,5,petrol,6-Speed,Manual,19397
533,Hyundai,2011,white,sedan,75713,2nd,5,petrol,5-Speed,Automatic,4819
534,Maruti Suzuki,2019,grey,hatchback,35607,1st,5,petrol,5-Speed,Manual,4651
535,Maruti Suzuki,2017,silver,muv,75728,1st,5,petrol,5-Speed,Manual,4424
536,Hyundai,2015,white,hatchback,26176,2nd,5,petrol,5-Speed,Manual,4915
537,Maruti Suzuki,2018,blue,sedan,19949,1st,5,petrol,5-Speed,Automatic,8013
538,Renault,2015,red,suv,59680,1st,5,diesel,5-Speed,Manual,9084
539,Renault,2015,red,suv,59680,1st,5,diesel,5-Speed,Manual,9084
540,Renault,2015,red,suv,59680,1st,5,diesel,5-Speed,Manual,9084
541,Renault,2015,red,suv,59680,1st,5,diesel,5-Speed,Manual,9084
542,Hyundai,2014,white,sedan,68363,1st,5,petrol,5-Speed,Manual,5554
543,Renault,2020,red,muv,12256,1st,7,petrol,5-Speed,Automatic,8819
544,Renault,2019,orange,muv,16554,1st,7,petrol,5-Speed,Manual,8445
545,Hyundai,2015,silver,hatchback,38156,2nd,5,petrol,5-Speed,Manual,4891
546,Maruti Suzuki,2012,white,hatchback,66016,1st,5,petrol,5-Speed,Manual,2938
547,Hyundai,2013,blue,hatchback,24862,1st,5,petrol,5-Speed,Manual,3530
548,Toyota,2012,silver,sedan,67312,2nd,5,petrol,5-Speed,Manual,4877
549,Hyundai,2013,red,hatchback,68842,1st,5,petrol,5-Speed,Manual,5385
550,Honda,2018,brown,suv,48924,1st,5,diesel,6-Speed,Manual,10987
551,Maruti Suzuki,2011,grey,sedan,71460,1st,5,petrol,5-Speed,Manual,4196
552,Renault,2019,red,hatchback,33661,1st,5,petrol,5-Speed,Manual,5397
553,Toyota,2020,white,sedan,33394,2nd,5,petrol,5-Speed,Manual,13928
554,Toyota,2020,white,sedan,33394,2nd,5,petrol,5-Speed,Manual,13928
555,Toyota,2020,white,sedan,33394,2nd,5,petrol,5-Speed,Manual,13928
556,Toyota,2020,white,sedan,33394,2nd,5,petrol,5-Speed,Manual,13928
557,Toyota,2019,brown,sedan,9242,1st,5,petrol,6-Speed,Manual,12113
558,Toyota,2019,brown,sedan,9242,1st,5,petrol,6-Speed,Manual,12113
559,Toyota,2019,brown,sedan,9242,1st,5,petrol,6-Speed,Manual,12113
560,Toyota,2019,brown,sedan,9242,1st,5,petrol,6-Speed,Manual,12113
561,Hyundai,2014,white,sedan,88267,1st,5,petrol,5-Speed,Automatic,7204
562,MG Motors,2020,silver,suv,13185,1st,5,diesel,5-Speed,Manual,24146
563,MG Motors,2020,silver,suv,13185,1st,5,diesel,5-Speed,Manual,24146
564,MG Motors,2020,silver,suv,13185,1st,5,diesel,6-Speed,Manual,24146
565,MG Motors,2020,silver,suv,13185,1st,5,diesel,6-Speed,Manual,24146
566,Kia,2020,white,suv,25450,1st,5,petrol,6-Speed,Manual,19144
567,Toyota,2020,white,sedan,37283,2nd,5,petrol,5-Speed,Manual,13610
568,Toyota,2020,white,sedan,37283,2nd,5,petrol,5-Speed,Manual,13610
569,Toyota,2020,white,sedan,37283,2nd,5,petrol,5-Speed,Manual,13610
570,Toyota,2020,white,sedan,37283,2nd,5,petrol,5-Speed,Manual,13610
571,Maruti Suzuki,2019,blue,sedan,41804,1st,5,petrol,5-Speed,Manual,9357
572,Maruti Suzuki,2011,red,hatchback,72631,1st,5,petrol,5-Speed,Manual,3415
573,Renault,2019,grey,hatchback,37865,1st,5,petrol,5-Speed,Manual,5216
574,Hyundai,2014,white,hatchback,72514,1st,5,petrol,5-Speed,Manual,5469
575,Renault,2021,silver,suv,21304,1st,5,petrol,5-Speed,Automatic,9722
576,Maruti Suzuki,2021,red,hatchback,7881,1st,5,petrol,5-Speed,Manual,7959
577,Mahindra,2016,black,suv,54656,1st,7,diesel,5-Speed,Manual,11428
578,Maruti Suzuki,2014,grey,hatchback,39400,1st,5,petrol,5-Speed,Automatic,4868
579,Skoda,2012,silver,sedan,52326,1st,5,petrol,6-Speed,Automatic,7130
580,Hyundai,2018,brown,crossover,24310,1st,5,petrol,5-Speed,Automatic,10638
581,Hyundai,2017,silver,hatchback,25966,1st,5,petrol,5-Speed,Automatic,6554
582,Honda,2011,black,sedan,90745,1st,5,petrol,5-Speed,Automatic,5843
583,Hyundai,2019,blue,suv,21628,1st,5,petrol,6-Speed,Manual,11987
584,Renault,2020,blue,muv,43164,1st,7,petrol,5-Speed,Automatic,9060
585,Maruti Suzuki,2011,black,hatchback,16061,2nd,5,petrol,5-Speed,Manual,2884
586,Hyundai,2015,blue,sedan,65025,1st,5,petrol,4-Speed,Automatic,6638
587,Hyundai,2014,black,hatchback,26974,1st,5,petrol,5-Speed,Manual,5746
588,Maruti Suzuki,2013,beige,sedan,23778,1st,5,petrol,5-Speed,Manual,5671
589,Hyundai,2020,black,sedan,7594,1st,5,petrol,5-Speed,Automatic,17132
590,Maruti Suzuki,2020,blue,hatchback,21075,1st,5,petrol,5-Speed,Manual,4662
591,Toyota,2020,brown,sedan,7122,1st,5,petrol,6-Speed,Manual,11848
592,Toyota,2020,brown,sedan,7122,1st,5,petrol,6-Speed,Manual,11848
593,Toyota,2020,brown,sedan,7122,1st,5,petrol,6-Speed,Manual,11848
594,Toyota,2020,brown,sedan,7122,1st,5,petrol,6-Speed,Manual,11848
595,MG Motors,2019,red,suv,25219,1st,5,petrol,6-Speed,Automatic,22530
596,Mahindra,2015,blue,suv,94751,2nd,7,diesel,5-Speed,Manual,9910
597,Maruti Suzuki,2020,blue,sedan,26246,1st,5,petrol,5-Speed,Manual,10528
598,Maruti Suzuki,2015,brown,sedan,93570,2nd,5,petrol,4-Speed,Automatic,6430
599,Maruti Suzuki,2014,white,sedan,70563,2nd,5,petrol,4-Speed,Automatic,5410
600,Ford,2020,golden,crossover,14965,1st,5,petrol,5-Speed,Automatic,8771
601,Renault,2015,bronze,hatchback,33390,1st,5,petrol,5-Speed,Manual,3457
602,Maruti Suzuki,2011,brown,hatchback,53349,1st,5,petrol,5-Speed,Manual,4044
603,Maruti Suzuki,2014,silver,hatchback,87635,1st,5,petrol,5-Speed,Automatic,4380
604,Maruti Suzuki,2011,grey,hatchback,77919,1st,5,petrol,5-Speed,Manual,3448
605,Ford,2017,white,suv,84118,1st,5,petrol,6-Speed,Automatic,8759
606,Hyundai,2018,white,hatchback,22735,1st,5,petrol,5-Speed,Manual,5385
607,Hyundai,2017,black,suv,50749,1st,5,diesel,6-Speed,Manual,13855
608,Honda,2015,red,muv,45754,2nd,7,petrol,5-Speed,Manual,7289
609,Mahindra,2015,white,suv,72696,1st,7,diesel,6-Speed,Automatic,12112
610,Hyundai,2015,orange,hatchback,99001,1st,5,petrol,4-Speed,Automatic,6096
611,Hyundai,2017,blue,hatchback,85933,1st,5,petrol,5-Speed,Manual,7349
612,Datsun,2014,red,hatchback,55890,2nd,5,petrol,5-Speed,Manual,3144
613,Volkswagen,2013,black,sedan,88105,1st,5,petrol,6-Speed,Automatic,6530
614,MG Motors,2019,black,suv,20761,1st,5,petrol,6-Speed,Automatic,22795
615,Maruti Suzuki,2016,white,hatchback,56280,1st,5,petrol,5-Speed,Manual,5671
616,Honda,2017,grey,suv,37043,1st,5,petrol,5-Speed,Manual,8975
617,Mahindra,2015,white,suv,79576,1st,7,diesel,6-Speed,Automatic,11407
618,Hyundai,2017,white,sedan,29759,1st,5,petrol,5-Speed,Manual,10289
619,Ford,2017,red,suv,28559,1st,5,petrol,5-Speed,Manual,9493
620,Maruti Suzuki,2013,white,hatchback,18214,1st,5,petrol,5-Speed,Manual,4987
621,Hyundai,2015,white,hatchback,92256,1st,5,diesel,6-Speed,Manual,8301
622,Honda,2015,silver,muv,42933,2nd,7,petrol,5-Speed,Manual,7686
623,Hyundai,2020,blue,sedan,18146,1st,5,petrol,5-Speed,Automatic,17566
624,Hyundai,2016,red,hatchback,29602,1st,5,diesel,6-Speed,Manual,9807
625,MG Motors,2020,silver,suv,26994,1st,5,petrol,6-Speed,Automatic,23510
626,Maruti Suzuki,2013,white,hatchback,47642,2nd,5,petrol,5-Speed,Manual,4933
627,Maruti Suzuki,2012,red,hatchback,67041,1st,5,petrol,5-Speed,Manual,3404
628,MG Motors,2020,red,suv,30234,1st,5,diesel,5-Speed,Manual,26757
629,MG Motors,2020,red,suv,30234,1st,5,diesel,5-Speed,Manual,26757
630,MG Motors,2020,red,suv,30234,1st,5,diesel,6-Speed,Manual,26757
631,MG Motors,2020,red,suv,30234,1st,5,diesel,6-Speed,Manual,26757
632,Hyundai,2017,white,hatchback,33545,1st,5,diesel,6-Speed,Manual,10554
633,Toyota,2012,silver,hatchback,42200,2nd,5,petrol,5-Speed,Automatic,5606
634,Toyota,2012,silver,hatchback,42200,2nd,5,petrol,5-Speed,Automatic,5606
635,Toyota,2012,silver,hatchback,42200,2nd,5,petrol,5-Speed,Manual,5606
636,Toyota,2012,silver,hatchback,42200,2nd,5,petrol,5-Speed,Manual,5606
637,Hyundai,2017,white,sedan,48583,1st,5,petrol,6-Speed,Automatic,13253
638,Hyundai,2014,grey,hatchback,98109,1st,5,petrol,5-Speed,Manual,4951
639,Hyundai,2011,red,hatchback,70581,2nd,5,petrol,5-Speed,Manual,4096
640,Maruti Suzuki,2018,red,hatchback,64194,1st,5,petrol,5-Speed,Manual,4391
641,Renault,2015,white,suv,87057,1st,5,diesel,5-Speed,Manual,8891
642,Hyundai,2012,white,hatchback,23227,1st,5,petrol,5-Speed,Manual,4397
643,MG Motors,2019,black,suv,24564,1st,5,petrol,6-Speed,Automatic,22530
644,Maruti Suzuki,2012,red,hatchback,39719,1st,5,petrol,5-Speed,Manual,4575
645,MG Motors,2020,white,suv,51686,1st,5,diesel,5-Speed,Manual,25949
646,MG Motors,2020,white,suv,51686,1st,5,diesel,5-Speed,Manual,25949
647,MG Motors,2020,white,suv,51686,1st,5,diesel,6-Speed,Manual,25949
648,MG Motors,2020,white,suv,51686,1st,5,diesel,6-Speed,Manual,25949
649,Renault,2018,bronze,suv,57995,1st,5,diesel,6-Speed,Manual,12277
650,MG Motors,2020,red,suv,32604,1st,5,diesel,5-Speed,Manual,26214
651,MG Motors,2020,red,suv,32604,1st,5,diesel,5-Speed,Manual,26214
652,MG Motors,2020,red,suv,32604,1st,5,diesel,6-Speed,Manual,26214
653,MG Motors,2020,red,suv,32604,1st,5,diesel,6-Speed,Manual,26214
654,Maruti Suzuki,2012,silver,hatchback,46627,1st,5,petrol,5-Speed,Manual,4467
655,Honda,2017,grey,sedan,45868,1st,5,petrol,5-Speed,Manual,10578
656,Maruti Suzuki,2013,brown,hatchback,68876,1st,5,petrol,5-Speed,Manual,4651
657,Ford,2013,white,suv,47068,1st,5,petrol,6-Speed,Automatic,8530
658,Ford,2014,white,suv,48060,1st,5,petrol,5-Speed,Manual,8168
659,Maruti Suzuki,2016,orange,hatchback,80307,2nd,5,petrol,5-Speed,Manual,3534
660,Maruti Suzuki,2013,red,hatchback,29217,1st,5,petrol,5-Speed,Manual,3643
661,MG Motors,2019,black,suv,28787,1st,5,petrol,6-Speed,Automatic,21059
662,Maruti Suzuki,2014,silver,muv,57964,2nd,8,petrol,4-Speed,Manual,3632
663,Maruti Suzuki,2011,grey,hatchback,54318,2nd,5,petrol,5-Speed,Manual,3990
664,Hyundai,2014,grey,hatchback,55319,1st,5,petrol,5-Speed,Manual,5289
665,Ford,2018,silver,suv,39105,1st,5,petrol,6-Speed,Automatic,12843
666,MG Motors,2021,white,suv,49279,1st,5,diesel,5-Speed,Manual,26293
667,MG Motors,2021,white,suv,49279,1st,5,diesel,5-Speed,Manual,26293
668,MG Motors,2021,white,suv,49279,1st,5,diesel,6-Speed,Manual,26293
669,MG Motors,2021,white,suv,49279,1st,5,diesel,6-Speed,Manual,26293
670,Hyundai,2011,maroon,hatchback,57259,2nd,5,petrol,5-Speed,Manual,3951
671,Mahindra,2015,silver,suv,66820,2nd,7,diesel,6-Speed,Manual,11439
672,Ford,2018,blue,sedan,21089,1st,5,petrol,5-Speed,Manual,6686
673,Maruti Suzuki,2014,blue,hatchback,7779,1st,5,petrol,5-Speed,Automatic,4706
674,Hyundai,2011,red,hatchback,48267,2nd,5,petrol,4-Speed,Automatic,4192
675,Maruti Suzuki,2014,grey,hatchback,48079,1st,5,diesel,5-Speed,Manual,6028
676,Hyundai,2014,orange,hatchback,42290,1st,5,petrol,5-Speed,Manual,5385
677,Volkswagen,2014,blue,hatchback,54723,1st,5,diesel,5-Speed,Automatic,6855
678,Renault,2019,white,hatchback,23160,1st,5,petrol,5-Speed,Automatic,5156
679,Hyundai,2012,white,hatchback,41191,1st,5,petrol,5-Speed,Manual,5481
680,Renault,2018,grey,suv,18005,1st,5,diesel,6-Speed,Manual,14024
681,Honda,2017,white,sedan,34480,1st,5,petrol,5-Speed,Automatic,14192
682,Honda,2019,brown,sedan,20604,1st,5,petrol,5-Speed,Manual,9216
683,Renault,2021,grey,suv,9015,1st,5,petrol,5-Speed,Automatic,10662
684,Hyundai,2016,red,hatchback,56348,1st,5,petrol,5-Speed,Manual,7927
685,Honda,2018,brown,sedan,16006,1st,5,petrol,5-Speed,Automatic,14939
686,Hyundai,2018,white,hatchback,27617,1st,5,petrol,5-Speed,Automatic,9060
687,Maruti Suzuki,2019,grey,hatchback,17246,1st,5,petrol,5-Speed,Manual,9422
688,Maruti Suzuki,2019,grey,hatchback,17246,1st,5,petrol,5-Speed,Manual,9422
689,Maruti Suzuki,2019,grey,hatchback,17246,1st,5,petrol,5-Speed,Manual,9422
690,Maruti Suzuki,2019,grey,hatchback,17246,1st,5,petrol,5-Speed,Manual,9422
691,Ford,2017,brown,suv,73428,1st,5,petrol,6-Speed,Automatic,10036
692,Hyundai,2018,brown,sedan,25198,1st,5,petrol,6-Speed,Automatic,14108
693,Honda,2020,white,sedan,7981,1st,5,petrol,5-Speed,Manual,10120
694,Hyundai,2016,white,crossover,65232,2nd,5,diesel,6-Speed,Automatic,8506
695,Chevrolet,2013,grey,hatchback,52501,1st,5,petrol,5-Speed,Manual,2960
696,Hyundai,2015,grey,hatchback,91933,1st,5,petrol,5-Speed,Manual,7265
697,Hyundai,2017,silver,hatchback,39437,1st,5,petrol,5-Speed,Automatic,6277
698,Maruti Suzuki,2018,white,sedan,50664,1st,5,diesel,5-Speed,Automatic,8284
699,Mahindra,2015,white,suv,60985,1st,7,diesel,6-Speed,Manual,13727
700,Hyundai,2020,blue,suv,37005,1st,5,petrol,6-Speed,Manual,12409
701,Maruti Suzuki,2015,white,hatchback,23217,1st,5,petrol,5-Speed,Automatic,5540
702,Maruti Suzuki,2017,grey,hatchback,46289,2nd,5,petrol,5-Speed,Manual,4218
703,Renault,2018,red,suv,23783,1st,5,diesel,6-Speed,Manual,13698
704,Honda,2014,brown,sedan,55410,2nd,5,petrol,5-Speed,Manual,6783
705,Hyundai,2014,blue,sedan,38147,1st,5,petrol,5-Speed,Manual,5602
706,Kia,2019,white,suv,23801,1st,5,petrol,7-Speed,Manual,20578
707,Maruti Suzuki,2018,blue,hatchback,16123,1st,5,petrol,5-Speed,Manual,8143
708,Maruti Suzuki,2013,purple,hatchback,22801,1st,5,petrol,5-Speed,Automatic,3318
709,Maruti Suzuki,2013,purple,hatchback,22801,1st,5,petrol,5-Speed,Automatic,3318
710,Maruti Suzuki,2013,purple,hatchback,22801,1st,5,petrol,5-Speed,Manual,3318
711,Maruti Suzuki,2013,purple,hatchback,22801,1st,5,petrol,5-Speed,Manual,3318
712,Maruti Suzuki,2018,blue,hatchback,16373,1st,5,petrol,5-Speed,Manual,8360
713,Maruti Suzuki,2016,red,sedan,31207,1st,5,petrol,4-Speed,Automatic,8924
714,Ford,2019,white,suv,60197,1st,5,petrol,6-Speed,Automatic,11807
715,Honda,2013,red,sedan,73382,1st,5,petrol,5-Speed,Manual,6879
716,Maruti Suzuki,2016,blue,hatchback,62811,1st,5,petrol,5-Speed,Manual,6657
717,Hyundai,2018,silver,crossover,29086,1st,5,petrol,5-Speed,Automatic,10156
718,Renault,2018,red,hatchback,12582,1st,5,petrol,5-Speed,Manual,4939
719,Hyundai,2017,white,hatchback,40158,1st,5,petrol,5-Speed,Manual,5144
720,Hyundai,2013,bronze,hatchback,50665,1st,5,petrol,5-Speed,Manual,5831
721,Hyundai,2013,white,sedan,42283,1st,5,petrol,5-Speed,Automatic,7493
722,Maruti Suzuki,2017,silver,hatchback,79767,1st,5,petrol,5-Speed,Automatic,4586
723,Maruti Suzuki,2018,blue,sedan,48524,1st,5,petrol,5-Speed,Manual,8804
724,Maruti Suzuki,2021,silver,hatchback,4704,1st,5,petrol,5-Speed,Manual,5953
725,Maruti Suzuki,2016,red,hatchback,44272,1st,5,petrol,5-Speed,Automatic,5692
726,Hyundai,2018,grey,sedan,14197,1st,5,petrol,5-Speed,Manual,8542
727,Hyundai,2017,blue,hatchback,57359,1st,5,petrol,5-Speed,Manual,8963
728,Honda,2019,brown,sedan,13791,1st,5,petrol,5-Speed,Manual,11831
729,Maruti Suzuki,2016,yellow,suv,76060,1st,5,diesel,5-Speed,Automatic,9553
730,Tata,2021,white,hatchback,5389,1st,5,petrol,5-Speed,Manual,9043
731,Mahindra,2015,black,suv,64338,1st,7,diesel,5-Speed,Manual,9932
732,Honda,2019,brown,sedan,17691,1st,5,petrol,5-Speed,Manual,10602
733,Tata,2022,white,suv,19734,1st,5,petrol,5-Speed,Automatic,9444
734,Hyundai,2017,silver,hatchback,16150,1st,5,petrol,5-Speed,Automatic,7156
735,Hyundai,2021,silver,sedan,21557,1st,5,petrol,6-Speed,Automatic,16457
736,Toyota,2020,white,hatchback,30130,1st,5,petrol,5-Speed,Manual,10403
737,Toyota,2020,white,hatchback,30130,1st,5,petrol,5-Speed,Manual,10403
738,Toyota,2020,white,hatchback,30130,1st,5,petrol,5-Speed,Manual,10403
739,Toyota,2020,white,hatchback,30130,1st,5,petrol,5-Speed,Manual,10403
740,Maruti Suzuki,2019,blue,hatchback,24618,1st,5,petrol,5-Speed,Manual,7785
741,Maruti Suzuki,2020,blue,hatchback,4337,1st,5,petrol,5-Speed,Manual,8121
742,Maruti Suzuki,2015,red,hatchback,74114,2nd,5,petrol,5-Speed,Manual,3469
743,Hyundai,2016,white,suv,52631,3rd,5,petrol,6-Speed,Manual,10361
744,Maruti Suzuki,2021,blue,sedan,5744,1st,5,petrol,5-Speed,Manual,8663
745,Maruti Suzuki,2019,silver,hatchback,18988,1st,5,petrol,5-Speed,Manual,6777
746,Maruti Suzuki,2019,grey,hatchback,18066,1st,5,petrol,5-Speed,Manual,4456
747,Maruti Suzuki,2014,silver,hatchback,74660,2nd,5,diesel,5-Speed,Manual,5855
748,Maruti Suzuki,2019,white,hatchback,32801,1st,5,petrol,5-Speed,Manual,8913
749,Maruti Suzuki,2018,white,sedan,46517,1st,5,petrol,5-Speed,Automatic,8501
750,Hyundai,2019,blue,suv,44781,1st,5,petrol,7-Speed,Manual,14036
751,Maruti Suzuki,2019,blue,muv,27409,1st,8,petrol,4-Speed,Manual,4293
752,Hyundai,2019,blue,hatchback,23505,1st,5,petrol,5-Speed,Automatic,9277
753,Maruti Suzuki,2021,red,hatchback,34872,1st,5,petrol,5-Speed,Manual,5584
754,Maruti Suzuki,2020,red,hatchback,7401,1st,5,petrol,5-Speed,Manual,4619
755,Hyundai,2014,orange,hatchback,51531,1st,5,petrol,4-Speed,Automatic,6518
756,Hyundai,2017,white,hatchback,40187,1st,5,petrol,5-Speed,Manual,4698
757,Renault,2017,bronze,suv,77127,2nd,5,diesel,5-Speed,Manual,9759
758,Ford,2017,grey,suv,31080,1st,5,diesel,5-Speed,Manual,11228
759,Maruti Suzuki,2019,blue,hatchback,28967,1st,5,petrol,5-Speed,Manual,8587
760,Hyundai,2017,white,suv,69302,1st,5,petrol,6-Speed,Manual,14915
761,Hyundai,2020,red,hatchback,14502,1st,5,petrol,5-Speed,Automatic,9265
762,Hyundai,2014,blue,hatchback,38213,1st,5,petrol,5-Speed,Manual,7650
763,Maruti Suzuki,2016,white,hatchback,54635,1st,5,petrol,5-Speed,Automatic,5215
764,Honda,2018,brown,sedan,32939,1st,5,petrol,5-Speed,Automatic,14277
765,Skoda,2012,beige,sedan,99495,1st,5,diesel,5-Speed,Manual,6175
766,Renault,2019,red,hatchback,23342,1st,5,petrol,5-Speed,Manual,5891
767,Hyundai,2020,black,sedan,32464,1st,5,petrol,7-Speed,Automatic,17518
768,Honda,2019,red,suv,30457,1st,5,diesel,6-Speed,Manual,12433
769,Toyota,2021,red,hatchback,6738,1st,5,petrol,5-Speed,Manual,11225
770,Toyota,2021,red,hatchback,6738,1st,5,petrol,5-Speed,Manual,11225
771,Toyota,2021,red,hatchback,6738,1st,5,petrol,5-Speed,Manual,11225
772,Toyota,2021,red,hatchback,6738,1st,5,petrol,5-Speed,Manual,11225
773,Honda,2020,brown,sedan,18402,1st,5,petrol,6-Speed,Manual,17000
774,Ford,2013,silver,suv,95381,1st,5,diesel,5-Speed,Manual,6734
775,Honda,2016,orange,hatchback,22856,1st,5,petrol,5-Speed,Manual,7530
776,Maruti Suzuki,2019,white,sedan,15251,2nd,5,petrol,4-Speed,Automatic,10832
777,Hyundai,2017,grey,hatchback,57394,1st,5,petrol,5-Speed,Manual,8156
778,Maruti Suzuki,2020,grey,muv,26856,1st,5,petrol,5-Speed,Manual,5367
779,Hyundai,2019,grey,sedan,9421,1st,5,petrol,5-Speed,Manual,9168
780,Maruti Suzuki,2016,blue,hatchback,56204,2nd,5,petrol,5-Speed,Manual,7015
781,Honda,2017,grey,sedan,16936,1st,5,petrol,5-Speed,Manual,10566
782,Maruti Suzuki,2021,silver,sedan,15443,1st,5,petrol,5-Speed,Manual,7959
783,Hyundai,2016,grey,hatchback,49826,1st,5,petrol,5-Speed,Manual,7963
784,Maruti Suzuki,2020,grey,hatchback,7140,1st,5,petrol,5-Speed,Manual,4836
785,Maruti Suzuki,2019,blue,hatchback,26533,1st,5,petrol,5-Speed,Manual,8826
786,Maruti Suzuki,2019,white,hatchback,15928,1st,5,petrol,5-Speed,Manual,4239
787,Hyundai,2021,grey,hatchback,14133,1st,5,petrol,6-Speed,Automatic,12457
788,Maruti Suzuki,2015,blue,hatchback,29978,2nd,5,petrol,5-Speed,Manual,3795
789,Maruti Suzuki,2018,grey,sedan,32454,1st,5,petrol,5-Speed,Automatic,8273
790,Maruti Suzuki,2012,beige,sedan,70628,1st,5,diesel,5-Speed,Manual,5280
791,Ford,2020,grey,hatchback,11762,1st,5,diesel,5-Speed,Manual,9481
792,Ford,2020,grey,hatchback,11762,1st,5,diesel,5-Speed,Manual,9481
793,Ford,2020,grey,hatchback,11762,1st,5,diesel,5-Speed,Manual,9481
794,Ford,2020,grey,hatchback,11762,1st,5,diesel,5-Speed,Manual,9481
795,Hyundai,2017,white,hatchback,18411,1st,5,petrol,5-Speed,Automatic,6337
796,Hyundai,2018,grey,hatchback,42101,1st,5,petrol,5-Speed,Automatic,6879
797,Toyota,2018,brown,sedan,73664,1st,5,petrol,5-Speed,Manual,13398
798,Toyota,2018,brown,sedan,73664,1st,5,petrol,5-Speed,Manual,13398
799,Toyota,2018,brown,sedan,73664,1st,5,petrol,5-Speed,Manual,13398
800,Toyota,2018,brown,sedan,73664,1st,5,petrol,5-Speed,Manual,13398
801,Maruti Suzuki,2016,brown,sedan,69045,1st,5,petrol,5-Speed,Manual,7579
802,Hyundai,2016,white,hatchback,25382,1st,5,petrol,5-Speed,Manual,8746
803,Hyundai,2015,red,sedan,68611,1st,5,petrol,5-Speed,Manual,6228
804,Hyundai,2016,white,hatchback,30045,2nd,5,petrol,4-Speed,Automatic,6903
805,Hyundai,2018,red,hatchback,11225,1st,5,petrol,5-Speed,Manual,5469
806,Renault,2015,silver,muv,73760,1st,8,diesel,6-Speed,Manual,7530
807,Ford,2019,blue,suv,67732,1st,5,diesel,5-Speed,Automatic,11506
808,Maruti Suzuki,2011,red,hatchback,67463,2nd,5,petrol,5-Speed,Manual,2971
809,Renault,2021,grey,suv,30322,1st,5,petrol,5-Speed,Automatic,11156
810,Maruti Suzuki,2019,white,hatchback,15878,2nd,5,petrol,5-Speed,Manual,5042
811,Volkswagen,2016,silver,hatchback,44885,1st,5,petrol,5-Speed,Manual,7987
812,Maruti Suzuki,2019,blue,hatchback,31171,1st,5,petrol,5-Speed,Manual,8804
813,Maruti Suzuki,2019,blue,hatchback,31171,1st,5,petrol,5-Speed,Manual,8804
814,Maruti Suzuki,2019,blue,hatchback,31171,1st,5,petrol,5-Speed,Manual,8804
815,Maruti Suzuki,2019,blue,hatchback,31171,1st,5,petrol,5-Speed,Manual,8804
816,Honda,2016,silver,sedan,43992,1st,5,petrol,5-Speed,Manual,10795
817,Maruti Suzuki,2020,silver,sedan,17050,1st,5,petrol,5-Speed,Manual,10604
818,Maruti Suzuki,2020,grey,hatchback,6470,1st,5,petrol,5-Speed,Manual,5866
819,Nissan,2022,brown,suv,3832,1st,5,petrol,5-Speed,Automatic,11992
820,Maruti Suzuki,2015,blue,hatchback,47060,1st,5,petrol,5-Speed,Automatic,5031
821,Hyundai,2020,blue,suv,37489,1st,5,petrol,6-Speed,Manual,11975
822,Hyundai,2020,grey,hatchback,30169,1st,5,petrol,5-Speed,Automatic,9746
823,Honda,2015,white,sedan,53600,2nd,5,petrol,5-Speed,Manual,6554
824,Maruti Suzuki,2013,silver,sedan,61796,1st,5,diesel,5-Speed,Manual,5833
825,Volkswagen,2016,brown,sedan,26094,1st,5,petrol,5-Speed,Automatic,7313
826,Maruti Suzuki,2016,brown,sedan,99144,1st,5,petrol,5-Speed,Automatic,8175
827,Hyundai,2017,white,sedan,49335,2nd,5,petrol,5-Speed,Manual,7445
828,Maruti Suzuki,2019,blue,hatchback,13197,1st,5,petrol,5-Speed,Manual,8826
829,Toyota,2011,silver,hatchback,50857,1st,5,petrol,5-Speed,Manual,5380
830,Hyundai,2019,blue,suv,12156,1st,5,petrol,6-Speed,Manual,12012
831,Hyundai,2017,white,hatchback,39525,2nd,5,petrol,5-Speed,Manual,6301
832,Maruti Suzuki,2019,red,hatchback,27951,1st,5,petrol,5-Speed,Manual,4608
833,Hyundai,2021,silver,hatchback,25975,1st,5,petrol,6-Speed,Automatic,12361
834,Hyundai,2011,grey,hatchback,89303,1st,5,petrol,5-Speed,Manual,4253
835,Maruti Suzuki,2015,silver,hatchback,24655,1st,5,petrol,5-Speed,Automatic,5313
836,Renault,2017,grey,suv,54260,2nd,5,diesel,5-Speed,Manual,10385
837,Maruti Suzuki,2017,grey,muv,39484,1st,5,petrol,5-Speed,Manual,4608
838,Hyundai,2015,grey,hatchback,32754,1st,5,petrol,5-Speed,Manual,6602
839,Hyundai,2014,orange,hatchback,66963,1st,5,petrol,5-Speed,Manual,5602
840,Hyundai,2018,beige,hatchback,33581,1st,5,petrol,5-Speed,Manual,6084
841,Mahindra,2017,white,suv,41060,1st,7,diesel,5-Speed,Manual,12643
842,Hyundai,2020,blue,suv,49130,1st,5,petrol,6-Speed,Manual,13240
843,Maruti Suzuki,2021,grey,hatchback,4773,1st,5,petrol,5-Speed,Manual,4977
844,Maruti Suzuki,2021,silver,muv,14560,1st,5,petrol,5-Speed,Manual,5486
845,Renault,2013,silver,suv,88547,1st,5,diesel,5-Speed,Manual,7445
846,Volkswagen,2016,brown,sedan,46922,2nd,5,petrol,5-Speed,Automatic,6554
847,Hyundai,2012,black,hatchback,64378,1st,5,petrol,5-Speed,Manual,4024
848,Maruti Suzuki,2018,blue,hatchback,41244,1st,5,petrol,5-Speed,Manual,8284
849,Maruti Suzuki,2011,black,hatchback,60256,2nd,5,petrol,5-Speed,Manual,2656
850,Ford,2011,green,hatchback,84494,2nd,5,petrol,5-Speed,Manual,3493
851,Maruti Suzuki,2018,blue,muv,58025,1st,7,diesel,5-Speed,Manual,11830
852,Hyundai,2015,white,sedan,89133,1st,5,petrol,5-Speed,Manual,5662
853,Renault,2019,white,hatchback,60983,1st,5,petrol,5-Speed,Manual,5180
854,Honda,2014,silver,sedan,61881,2nd,5,petrol,5-Speed,Manual,5180
855,Renault,2021,white,muv,32340,1st,7,petrol,5-Speed,Manual,9024
856,Hyundai,2017,silver,hatchback,37237,2nd,5,petrol,5-Speed,Automatic,6373
857,Maruti Suzuki,2017,grey,hatchback,64528,1st,5,diesel,5-Speed,Manual,7828
858,Datsun,2015,white,hatchback,73892,1st,5,petrol,5-Speed,Manual,3025
859,Maruti Suzuki,2015,grey,hatchback,68796,1st,5,petrol,5-Speed,Manual,6722
860,Mahindra,2015,silver,suv,40438,1st,7,diesel,6-Speed,Manual,12253
861,Hyundai,2020,red,suv,12699,1st,5,petrol,6-Speed,Manual,12566
862,Maruti Suzuki,2018,grey,hatchback,23745,1st,5,petrol,5-Speed,Manual,4348
863,Maruti Suzuki,2016,silver,muv,38717,1st,5,petrol,4-Speed,Manual,3632
864,Honda,2019,red,suv,73732,1st,5,diesel,6-Speed,Manual,11024
865,Renault,2021,red,hatchback,16742,1st,5,petrol,5-Speed,Automatic,6361
866,Honda,2017,brown,sedan,65581,3rd,5,petrol,5-Speed,Automatic,9457
867,Hyundai,2017,red,hatchback,39427,1st,5,petrol,5-Speed,Manual,8433
868,Maruti Suzuki,2014,white,hatchback,52004,1st,5,petrol,5-Speed,Automatic,4760
869,Maruti Suzuki,2013,red,hatchback,40545,1st,5,petrol,5-Speed,Manual,3459
870,Maruti Suzuki,2021,grey,hatchback,15836,1st,5,petrol,5-Speed,Manual,5638
871,Maruti Suzuki,2020,grey,muv,11212,1st,5,petrol,5-Speed,Manual,5410
872,Hyundai,2015,white,hatchback,52501,1st,5,petrol,5-Speed,Manual,7975
873,Renault,2021,red,suv,6052,1st,5,petrol,5-Speed,Automatic,11277
874,Maruti Suzuki,2018,blue,sedan,20326,1st,5,petrol,5-Speed,Automatic,7991
875,Toyota,2011,red,hatchback,50009,1st,5,petrol,5-Speed,Automatic,5818
876,Toyota,2011,red,hatchback,50009,1st,5,petrol,5-Speed,Automatic,5818
877,Toyota,2011,red,hatchback,50009,1st,5,petrol,5-Speed,Manual,5818
878,Toyota,2011,red,hatchback,50009,1st,5,petrol,5-Speed,Manual,5818
879,Maruti Suzuki,2021,grey,hatchback,15113,1st,5,petrol,5-Speed,Manual,5887
880,Hyundai,2014,white,sedan,50071,1st,5,petrol,5-Speed,Automatic,8301
881,Maruti Suzuki,2020,white,muv,9832,1st,5,petrol,5-Speed,Manual,5367
882,Ford,2018,grey,crossover,43273,1st,5,petrol,5-Speed,Automatic,7433
883,Maruti Suzuki,2014,silver,hatchback,44193,1st,5,petrol,5-Speed,Manual,5085
884,Hyundai,2017,red,sedan,36208,1st,5,petrol,4-Speed,Manual,8060
885,Hyundai,2017,red,sedan,36208,1st,5,petrol,4-Speed,Manual,8060
886,Hyundai,2017,red,sedan,36208,1st,5,petrol,4-Speed,Manual,8060
887,Hyundai,2017,red,sedan,36208,1st,5,petrol,4-Speed,Manual,8060
888,Hyundai,2017,brown,crossover,43613,1st,5,petrol,5-Speed,Automatic,9060
889,Honda,2018,brown,sedan,46006,1st,5,petrol,5-Speed,Automatic,13638
890,Hyundai,2018,brown,crossover,35015,2nd,5,petrol,5-Speed,Automatic,9156
891,Hyundai,2017,white,hatchback,55670,1st,5,petrol,5-Speed,Manual,4421
892,Hyundai,2018,silver,hatchback,38961,1st,5,petrol,5-Speed,Automatic,6843
893,Hyundai,2020,blue,sedan,41843,1st,5,petrol,5-Speed,Automatic,17445
894,Hyundai,2018,white,hatchback,13846,2nd,5,petrol,5-Speed,Automatic,6975
895,Maruti Suzuki,2019,orange,hatchback,16712,2nd,5,petrol,5-Speed,Manual,5150
896,Ford,2015,red,suv,92474,2nd,5,diesel,5-Speed,Manual,7650
897,Maruti Suzuki,2014,black,sedan,44815,1st,5,petrol,5-Speed,Manual,7015
898,Honda,2020,white,sedan,13209,1st,5,petrol,6-Speed,Manual,15831
899,Hyundai,2013,red,hatchback,48721,1st,5,petrol,5-Speed,Manual,3927
900,Mahindra,2015,blue,suv,41651,1st,7,diesel,5-Speed,Manual,12220
901,Hyundai,2019,blue,hatchback,8842,1st,5,petrol,5-Speed,Manual,6807
902,Volkswagen,2016,blue,sedan,64313,1st,5,petrol,5-Speed,Automatic,6662
903,Maruti Suzuki,2016,brown,suv,52220,1st,5,diesel,5-Speed,Automatic,9010
904,Ford,2019,red,sedan,10370,1st,5,petrol,5-Speed,Manual,9349
905,Honda,2016,brown,sedan,60656,1st,5,petrol,5-Speed,Manual,6421
906,Maruti Suzuki,2020,red,hatchback,12433,1st,5,petrol,5-Speed,Manual,4803
907,Volkswagen,2013,grey,hatchback,53735,1st,5,petrol,5-Speed,Manual,6313
908,Skoda,2014,red,sedan,46103,2nd,5,petrol,7-Speed,Automatic,17215
909,Maruti Suzuki,2019,red,hatchback,2174,1st,5,petrol,5-Speed,Manual,4554
910,Volkswagen,2012,silver,hatchback,64878,1st,5,petrol,5-Speed,Manual,5421
911,Hyundai,2017,red,suv,76978,1st,5,petrol,6-Speed,Manual,14602
912,Honda,2018,white,sedan,33454,1st,5,petrol,5-Speed,Manual,9301
913,Tata,2019,white,suv,19589,1st,5,diesel,6-Speed,Manual,18422
914,Maruti Suzuki,2021,silver,hatchback,17101,1st,5,petrol+cng,5-Speed,Manual,6636
915,Maruti Suzuki,2015,brown,muv,51844,1st,7,diesel,5-Speed,Manual,9878
916,Ford,2016,red,suv,91463,2nd,5,diesel,5-Speed,Manual,8518
917,Hyundai,2017,grey,suv,88895,2nd,5,diesel,6-Speed,Manual,13228
918,Chevrolet,2014,green,hatchback,45080,1st,5,petrol,5-Speed,Manual,3632
919,Volkswagen,2016,grey,sedan,81709,1st,5,petrol,5-Speed,Automatic,6566
920,Nissan,2015,silver,hatchback,48656,1st,5,petrol,5-Speed,Automatic,5150
921,Ford,2019,red,crossover,17504,1st,5,petrol,5-Speed,Automatic,8036
922,Tata,2013,blue,hatchback,33744,1st,4,petrol,4-Speed,Manual,2038
923,Hyundai,2019,blue,suv,18398,2nd,5,petrol,6-Speed,Manual,10927
924,Volkswagen,2017,brown,sedan,41757,1st,5,petrol,5-Speed,Automatic,7457
925,Hyundai,2015,red,crossover,41086,1st,5,diesel,6-Speed,Automatic,9012
926,Maruti Suzuki,2019,silver,hatchback,25418,1st,5,petrol,5-Speed,Manual,7926
927,Maruti Suzuki,2018,red,hatchback,23606,1st,5,petrol,5-Speed,Manual,4283
928,Renault,2020,red,muv,18798,1st,7,petrol,5-Speed,Manual,9132
929,Maruti Suzuki,2019,orange,hatchback,24105,1st,5,petrol,5-Speed,Manual,5367
930,Volkswagen,2018,silver,hatchback,26394,1st,5,petrol,5-Speed,Manual,8421
931,Hyundai,2017,silver,sedan,22538,2nd,5,petrol,4-Speed,Manual,7843
932,Hyundai,2017,silver,sedan,22538,2nd,5,petrol,4-Speed,Manual,7843
933,Hyundai,2017,silver,sedan,22538,2nd,5,petrol,4-Speed,Manual,7843
934,Hyundai,2017,silver,sedan,22538,2nd,5,petrol,4-Speed,Manual,7843
935,Hyundai,2012,red,hatchback,34060,1st,5,petrol,5-Speed,Manual,4000
936,Hyundai,2011,white,hatchback,46251,2nd,5,petrol,5-Speed,Manual,4469
937,Ford,2020,red,crossover,6886,1st,5,petrol,5-Speed,Automatic,9072
938,Hyundai,2020,white,suv,26020,1st,5,petrol,6-Speed,Manual,13457
939,Hyundai,2013,white,hatchback,33440,1st,5,petrol,5-Speed,Manual,3674
940,Ford,2019,grey,suv,11800,1st,5,petrol,5-Speed,Automatic,11385
941,MG Motors,2019,white,suv,7339,1st,5,petrol,6-Speed,Automatic,23842
942,Maruti Suzuki,2017,orange,hatchback,41465,2nd,5,petrol,5-Speed,Manual,7384
943,Maruti Suzuki,2013,grey,muv,67020,1st,7,petrol,5-Speed,Manual,7525
944,Maruti Suzuki,2014,white,muv,23885,1st,8,petrol,4-Speed,Manual,3556
945,Tata,2019,orange,suv,62300,1st,5,diesel,6-Speed,Manual,18271
946,Renault,2014,black,sedan,34080,1st,5,diesel,5-Speed,Manual,7554
947,Ford,2018,white,suv,78061,1st,5,petrol,6-Speed,Automatic,11265
948,Maruti Suzuki,2017,white,suv,28476,1st,5,diesel,5-Speed,Automatic,9867
949,Maruti Suzuki,2016,white,suv,38729,1st,5,diesel,5-Speed,Automatic,8783
950,Maruti Suzuki,2017,blue,hatchback,26203,1st,5,petrol,5-Speed,Automatic,7048
951,Tata,2018,red,suv,35730,1st,5,diesel,6-Speed,Automatic,10344
952,Maruti Suzuki,2018,grey,sedan,16491,1st,5,petrol,5-Speed,Automatic,8089
953,Hyundai,2018,brown,sedan,35623,2nd,5,petrol,6-Speed,Automatic,11602
954,Maruti Suzuki,2019,red,hatchback,15508,1st,5,petrol,5-Speed,Automatic,8501
955,Maruti Suzuki,2017,grey,sedan,34004,1st,5,petrol,5-Speed,Automatic,7883
956,Maruti Suzuki,2018,silver,suv,35042,1st,5,diesel,5-Speed,Automatic,11613
957,Hyundai,2018,orange,sedan,57046,1st,5,petrol,6-Speed,Automatic,10819
958,Hyundai,2019,white,sedan,22546,1st,5,petrol,6-Speed,Automatic,12530
959,Maruti Suzuki,2018,red,suv,31570,1st,5,diesel,5-Speed,Automatic,12491
960,Honda,2015,white,hatchback,49536,1st,5,petrol,5-Speed,Automatic,7180
961,Maruti Suzuki,2017,blue,suv,53719,1st,5,diesel,5-Speed,Automatic,9162
962,Maruti Suzuki,2021,red,hatchback,10303,1st,5,petrol,5-Speed,Automatic,8848
963,Maruti Suzuki,2020,red,hatchback,27437,1st,5,petrol,5-Speed,Automatic,8566
964,Renault,2018,brown,suv,6603,1st,5,petrol,5-Speed,Automatic,12807
965,Renault,2017,brown,suv,16556,2nd,5,petrol,5-Speed,Automatic,10096
966,Maruti Suzuki,2018,silver,hatchback,25626,1st,5,petrol,5-Speed,Automatic,7189
967,Maruti Suzuki,2021,blue,hatchback,9384,1st,5,petrol,5-Speed,Automatic,6397
968,Maruti Suzuki,2020,grey,hatchback,6104,1st,5,petrol,5-Speed,Automatic,9086
969,Maruti Suzuki,2019,grey,hatchback,21992,2nd,5,petrol,5-Speed,Automatic,8989
970,Renault,2018,orange,suv,54137,1st,5,petrol,5-Speed,Automatic,9626
971,Maruti Suzuki,2017,blue,sedan,33258,1st,5,petrol,5-Speed,Automatic,7828
972,Hyundai,2018,white,sedan,23869,1st,5,petrol,6-Speed,Automatic,11518
973,Hyundai,2019,white,sedan,14831,1st,5,petrol,6-Speed,Automatic,12373
974,Hyundai,2014,silver,sedan,52846,1st,5,petrol,4-Speed,Automatic,8867
975,Ford,2020,white,crossover,28335,2nd,5,diesel,5-Speed,Automatic,9024
976,Maruti Suzuki,2018,silver,hatchback,41176,1st,5,petrol,5-Speed,Automatic,7492